매장이름,위도주소,경도주소,매장타입,매장주소,시도
역삼아레나빌딩,37.501087,127.043069,general,서울특별시 강남구 언주로 425 (역삼동),서울특별시
논현역사거리,37.510178,127.022223,general,서울특별시 강남구 강남대로 538 (논현동),서울특별시
신사역성일빌딩,37.5139309,127.0206057,general,서울특별시 강남구 강남대로 584 (논현동),서울특별시
국기원사거리,37.499517,127.031495,general,서울특별시 강남구 테헤란로 125 (역삼동),서울특별시
대치재경빌딩,37.494668,127.062583,general,서울특별시 강남구 남부순환로 2947 (대치동),서울특별시
봉은사역,37.515,127.063196,general,서울특별시 강남구 봉은사로 619 (삼성동),서울특별시
압구정윤성빌딩,37.5227934,127.0286009,general,서울특별시 강남구 논현로 834 (신사동),서울특별시
코엑스별마당,37.51015,127.060275,general,서울특별시 강남구 영동대로 513 (삼성동),서울특별시
삼성역섬유센터R,37.50775,127.060651,reserve,서울특별시 강남구 테헤란로 518 (대치동),서울특별시
압구정R,37.5273669,127.033061,reserve,서울특별시 강남구 언주로 861 (신사동),서울특별시
수서역R,37.488008,127.10265,reserve,서울특별시 강남구 광평로 281 (수서동),서울특별시
양재강남빌딩R,37.485192,127.036685,reserve,서울특별시 강남구 남부순환로 2621 (도곡동),서울특별시
선릉동신빌딩R,37.505321,127.050409,reserve,서울특별시 강남구 테헤란로 409 (삼성동),서울특별시
봉은사로선정릉,37.51131683,127.0484634,general,서울특별시 강남구 봉은사로 446 (삼성동),서울특별시
강남오거리,37.502117,127.026672,general,서울특별시 강남구 봉은사로2길 39 (역삼동),서울특별시
스타필드코엑스몰R,37.50999,127.061455,reserve,서울특별시 강남구 영동대로 513 (삼성동) 코엑스 A106호,서울특별시
강남구청정문,37.518181,127.045995,general,서울특별시 강남구 학동로 419 (청담동),서울특별시
도곡공원,37.492805,127.041309,general,서울특별시 강남구 도곡로 205 (역삼동),서울특별시
강남R,37.497711,127.028439,reserve,서울특별시 강남구 강남대로 390 (역삼동),서울특별시
대치은마사거리,37.498973,127.060172,general,서울특별시 강남구 도곡로 457 (대치동),서울특별시
청담영동대로,37.522156,127.056449,general,서울특별시 강남구 영동대로 720 (청담동),서울특별시
압구정,37.526283,127.02956,general,서울특별시 강남구 압구정로30길 17 (신사동),서울특별시
신사가로수,37.521933,127.022521,general,서울특별시 강남구 가로수길 59 ,서울특별시
청담스타R,37.525216,127.041827,reserve,서울특별시 강남구 도산대로57길 24 (청담동),서울특별시
강남우성,37.492396,127.03091,general,서울특별시 강남구 강남대로 328 (역삼동),서울특별시
학동사거리,37.5223645,127.0379543,general,서울특별시 강남구 도산대로 328 (논현동),서울특별시
대치사거리,37.503331,127.058817,general,서울특별시 강남구 삼성로 402 (대치동),서울특별시
포스코사거리,37.5075307,127.0574271,general,서울특별시 강남구 테헤란로 505 (삼성동) 화진빌딩,서울특별시
을지병원사거리,37.5191632,127.0286446,general,"서울특별시 강남구 논현로 752 (논현동,구산빌딩)",서울특별시
신사역,37.5162021,127.0207428,general,서울특별시 강남구 도산대로 108 (논현동) 렉스타워,서울특별시
도곡역,37.492167,127.057398,general,서울특별시 강남구 남부순환로 2909 (대치동),서울특별시
서울세관사거리,37.514887,127.035653,general,서울특별시 강남구 언주로 650 (논현동) 한국건설기술인협회,서울특별시
청담사거리,37.5236351,127.0468651,general,서울특별시 강남구 도산대로 458 (청담동) 리츠타워,서울특별시
한티역,37.496801,127.055055,general,"서울특별시 강남구 도곡로 408, 디마크빌딩 101호 (대치동)",서울특별시
역삼초교사거리,37.4941059,127.0329973,general,서울특별시 강남구 역삼로 123 (역삼동),서울특별시
코엑스몰,37.513715,127.059245,general,서울특별시 강남구 영동대로 513 (삼성동) O103호,서울특별시
가로수길,37.5231593,127.021625,general,"서울특별시 강남구 논현로175길 94, 1~2층 (신사동)",서울특별시
역삼대로,37.501623,127.039375,general,"서울특별시 강남구 테헤란로 211, 한국고등교육재단빌딩 1층 (역삼동)",서울특별시
역삼포스코,37.499721,127.033582,general,"서울특별시 강남구 테헤란로 134, P&amp;S TOWER (역삼동)",서울특별시
강남대로,37.50314,127.025546,general,"서울특별시 강남구 강남대로 456, 한석타워 2층 1-2호 (역삼동)",서울특별시
청담,37.5243631,127.0515599,general,"서울특별시 강남구 도산대로 532, 인희빌딩 1층 (청담동)",서울특별시
삼성도심공항,37.5097863,127.0579134,general,서울특별시 강남구 테헤란로87길 33 (삼성동),서울특별시
삼성교,37.507794,127.06517,general,"서울특별시 강남구 영동대로86길 12, 동남유화빌딩 1층",서울특별시
학동역,37.51464884,127.0307302,general,서울특별시 강남구 논현로 704 (논현동),서울특별시
대치,37.49966175,127.0622171,general,서울특별시 강남구 도곡로 511 (대치동),서울특별시
신세계푸드마켓도곡,37.490298,127.054895,general,"서울특별시 강남구 언주로30길 57, 타워팰리스Ⅱ F 지하1층 (도곡동)",서울특별시
삼성,37.50689646,127.0557187,general,"서울특별시 강남구 테헤란로 443, 애플트리타워 1층 (삼성동)",서울특별시
선릉세화빌딩,37.50377562,127.051196,general,서울특별시 강남구 테헤란로64길 18 (대치동) 1층,서울특별시
압구정역,37.52674095,127.0281105,general,"서울특별시 강남구 압구정로 170, 관영빌딩 1층 지하1층 (신사동)",서울특별시
압구정로,37.52680046,127.0347174,general,서울특별시 강남구 압구정로42길 32 (신사동),서울특별시
구역삼사거리,37.49592355,127.0388645,general,서울특별시 강남구 논현로 401 (역삼동),서울특별시
큰길타워,37.50236693,127.0407,general,"서울특별시 강남구 테헤란로 223, 큰길타워빌딩 (역삼동)",서울특별시
강남구청역,37.5165849,127.0412433,general,"서울특별시 강남구 선릉로 669, 웰빙센터 1층 (논현동)",서울특별시
대치역,37.493554,127.061874,general,서울특별시 강남구 남부순환로 2936 (대치동) 107호,서울특별시
포이,37.47781106,127.0451411,general,서울특별시 강남구 논현로 88 (개포동),서울특별시
아크플레이스,37.49971982,127.0349084,general,서울특별시 강남구 테헤란로 142 (역삼동),서울특별시
학여울역,37.49803646,127.0684943,general,서울특별시 강남구 영동대로 215 (대치동),서울특별시
선정릉역,37.5107549,127.0445597,general,서울특별시 강남구 봉은사로 407 (삼성동) 에프오빌딩,서울특별시
삼성현대힐,37.51350444,127.0527375,general,서울특별시 강남구 삼성로 605 (삼성동),서울특별시
GS타워,37.5018592,127.0372776,general,서울특별시 강남구 논현로 508 (역삼동),서울특별시
압구정미소,37.52391271,127.0280721,general,서울특별시 강남구 논현로 841 (신사동),서울특별시
선릉역,37.50393894,127.0485135,general,"서울특별시 강남구 테헤란로 334, LG화재 빌딩 (역삼동)",서울특별시
코엑스사거리,37.515351,127.060109,general,서울특별시 강남구 영동대로 616 (삼성동),서울특별시
역삼럭키,37.492209,127.039389,general,서울특별시 강남구 도곡로 183 (역삼동),서울특별시
신압구정,37.528115,127.036441,general,서울특별시 강남구 언주로174길 29 (신사동),서울특별시
아크로힐스논현,37.50901331,127.0403524,general,"서울특별시 강남구 봉은사로 304, 금강빌딩 1-2층 (역삼동)",서울특별시
강남비젼타워,37.4964557,127.0296885,general,"서울특별시 강남구 테헤란로2길 27, 1층 101호 (역삼동)",서울특별시
압구정로데오역,37.526549,127.040437,general,"서울특별시 강남구 선릉로 836, 삼원빌딩 1,2층 (청담동)",서울특별시
르네상스사거리,37.502721,127.044308,general,서울특별시 강남구 테헤란로 306 (역삼동),서울특별시
포스코,37.50576458,127.0580449,general,"서울특별시 강남구 삼성로86길 7, 1층 (대치동)",서울특별시
선릉로,37.50498119,127.0468081,general,"서울특별시 강남구 선릉로93길 22, 대흥빌딩 1층 (역삼동)",서울특별시
논현힐탑,37.51159269,127.0321931,general,서울특별시 강남구 논현로 648 (논현동),서울특별시
도산가로수길,37.5173623,127.0232957,general,"서울특별시 강남구 도산대로 134, 2층 (논현동)",서울특별시
매봉역,37.4859095,127.0452879,general,서울특별시 강남구 남부순환로 2736 (도곡동),서울특별시
대치한티,37.4984818,127.052066,general,서울특별시 강남구 선릉로 324 (대치동),서울특별시
개포동,37.48285514,127.0607152,general,서울특별시 강남구 선릉로 34 (개포동),서울특별시
수서역사거리,37.48732679,127.1031401,general,서울특별시 강남구 광평로 280 (수서동),서울특별시
코엑스아셈타워,37.513019,127.059838,general,서울특별시 강남구 영동대로 517 (삼성동),서울특별시
센터필드R,37.50369465,127.0417208,reserve,서울특별시 강남구 테헤란로 231 (역삼동),서울특별시
도산사거리,37.51966,127.0341,general,서울특별시 강남구 언주로 727 (논현동),서울특별시
강남세곡,37.46727432,127.0999297,general,서울특별시 강남구 헌릉로569길 18 (세곡동),서울특별시
대치삼성,37.500313,127.066961,general,서울특별시 강남구 영동대로 237 (대치동),서울특별시
언주역,37.50777566,127.0365883,general,서울특별시 강남구 봉은사로 222 (역삼동),서울특별시
강남역신분당역사,37.49705725,127.0281807,general,서울특별시 강남구 강남대로 396 (역삼동),서울특별시
삼성역,37.50920696,127.0656085,general,서울특별시 강남구 테헤란로 620 (대치동),서울특별시
테헤란로아남타워,37.50383,127.04487,general,서울특별시 강남구 테헤란로 311 (역삼동),서울특별시
강남논현,37.50789786,127.0233386,general,서울특별시 강남구 강남대로 512 (논현동),서울특별시
삼성동,37.51084337,127.0636334,general,서울특별시 강남구 영동대로96길 12 (삼성동),서울특별시
청담역,37.51944073,127.0495527,general,서울특별시 강남구 삼성로 709 (청담동),서울특별시
압구정현대아파트,37.52521971,127.0256602,general,서울특별시 강남구 논현로175길 38 (신사동),서울특별시
강남청담빌딩,37.517887,127.041375,general,서울특별시 강남구 선릉로 704 (청담동),서울특별시
역삼이마트,37.499367,127.048425,general,서울특별시 강남구 역삼로 310 (역삼동),서울특별시
강남세곡DT,37.46699381,127.1183308,generalDT,서울특별시 강남구 헌릉로 727 (세곡동),서울특별시
미아뉴타운,37.618319,127.021072,general,서울특별시 강북구 삼양로 161 (미아동),서울특별시
강북구청사거리,37.63998786,127.0274331,general,서울특별시 강북구 도봉로 365 (수유동),서울특별시
미아사거리역,37.611809,127.0306971,general,서울특별시 강북구 도봉로 32 (미아동),서울특별시
수유역,37.6380167,127.026135,general,서울특별시 강북구 도봉로 342 (번동),서울특별시
미아역,37.626148,127.026578,general,서울특별시 강북구 도봉로 196 (미아동),서울특별시
수유역5번출구,37.63672268,127.0233221,general,"서울특별시 강북구 도봉로 315 (수유동, 에피소드 수유 838)",서울특별시
파라스파라서울,37.6641955,127.0104073,general,서울특별시 강북구 삼양로 689 (우이동) 파라스파라서울 지하1층,서울특별시
발산역사거리,37.558509,126.835096,general,서울특별시 강서구 공항대로 248 (마곡동),서울특별시
마곡역,37.559611,126.826298,general,서울특별시 강서구 공항대로 168 (마곡동),서울특별시
우장산역,37.54951004,126.8360616,general,서울특별시 강서구 강서로 267 (내발산동),서울특별시
마곡사이언스타워R,37.5605261,126.833887,reserve,서울특별시 강서구 마곡동로 62 (마곡동),서울특별시
방화DT,37.57445683,126.8164881,generalDT,서울특별시 강서구 방화대로 375 (방화동),서울특별시
마곡나루역,37.56813,126.82614,general,서울특별시 강서구 마곡중앙로 161-17 (마곡동),서울특별시
마곡GMG,37.560487,126.829667,general,"서울특별시 강서구 마곡중앙6로 16 (마곡동) 117,118,119,120호",서울특별시
가양역,37.56164,126.853327,general,서울특별시 강서구 양천로 476 (등촌동),서울특별시
화곡DT,37.53501075,126.863188,generalDT,서울특별시 강서구 등촌로 57 (화곡동),서울특별시
양천향교역,37.566964,126.840731,general,서울특별시 강서구 강서로 463 (마곡동),서울특별시
화곡동,37.54061902,126.837388,general,서울특별시 강서구 화곡로 142(화곡동),서울특별시
등촌,37.5582043,126.8443392,general,서울특별시 강서구 공항대로 329 (등촌동),서울특별시
염창역,37.547359,126.874436,general,서울특별시 강서구 공항대로 627 (염창동),서울특별시
발산역,37.56030145,126.8391335,general,서울특별시 강서구 강서로 388 (등촌동) 그랜드마트,서울특별시
까치산역,37.53232351,126.8461233,general,서울특별시 강서구 강서로13길 3 (화곡동),서울특별시
염창대로,37.54854791,126.8782593,general,"서울특별시 강서구 양천로 744 (염창동), 101호",서울특별시
발산역5번출구,37.55792247,126.8405403,general,"서울특별시 강서구 강서로52길 43 (내발산동, DH647), 1층 일부",서울특별시
화곡역8번출구,37.54227921,126.8393,general,"서울특별시 강서구 강서로 179 (화곡동), 1층 일부",서울특별시
강서우장산,37.54661115,126.8361133,general,"서울특별시 강서구 강서로 231 (화곡동, 우장산역 해링턴 타워), 116/117/118/119/120호",서울특별시
등촌대로,37.55049218,126.8665096,general,"서울특별시 강서구 공항대로 543 (염창동, 센터스퀘어)",서울특별시
가양역사거리,37.56007,126.855372,general,"서울특별시 강서구 화곡로 416 (등촌동) 가양더스카이벨리5차 지식산업센터 101, 102, 114,~117호",서울특별시
내발산,37.55467,126.83672,general,"서울특별시 강서구 강서로 323 (내발산동), 101/102호",서울특별시
마곡웰튼,37.56714289,126.8253152,general,"서울특별시 강서구 마곡중앙5로 22 (마곡동), 104/105/106호",서울특별시
김포공항DT,37.56627942,126.8060664,generalDT,서울특별시 강서구 개화동로 517 (방화동),서울특별시
강서NC,37.560088,126.840534,general,서울특별시 강서구 강서로56길 17 (등촌동),서울특별시
마곡나루공원,37.567007,126.822246,general,서울특별시 강서구 마곡중앙5로 47 (마곡동),서울특별시
송정역,37.56105571,126.8115099,general,"서울특별시 강서구 공항대로 38 (공항동), 1층 일부",서울특별시
강서구청사거리,37.5549266,126.8523133,general,서울특별시 강서구 화곡로 350 (화곡동),서울특별시
낙성대역,37.47776013,126.9611426,general,서울특별시 관악구 남부순환로 1908 (봉천동),서울특별시
관악서울대입구R,37.47932481,126.952702,reserve,서울특별시 관악구 관악로 158 (봉천동),서울특별시
신림DT,37.480935,126.908407,generalDT,서울특별시 관악구 남부순환로 1419 (신림동),서울특별시
서울대역,37.48166265,126.9520165,general,서울특별시 관악구 남부순환로 1817 (봉천동),서울특별시
낙성대DT,37.47624317,126.9651172,generalDT,서울특별시 관악구 남부순환로 1948 (봉천동),서울특별시
사당,37.476137,126.980928,general,서울특별시 관악구 남부순환로 2082-25,서울특별시
보라매대교,37.491449,126.925432,general,서울특별시 관악구 보라매로3길 23 (봉천동) 1층,서울특별시
신림,37.48609493,126.9291602,general,서울특별시 관악구 신림로 355-1 (신림동),서울특별시
신림타임스트림,37.48407102,126.9302583,general,서울특별시 관악구 신림로 330 타임스트림 1층,서울특별시
서울대입구역,37.48120739,126.9514006,general,서울특별시 관악구 남부순환로 1812 (봉천동),서울특별시
서울대입구역8번출구,37.4812061,126.9536942,general,서울특별시 관악구 남부순환로 1831 (봉천동),서울특별시
봉천역,37.48203753,126.9422878,general,서울특별시 관악구 남부순환로 1730 (봉천동),서울특별시
건국대,37.5415592,127.0711244,general,서울특별시 광진구 능동로 117 (화양동),서울특별시
어린이대공원역,37.551946,127.076404,general,서울특별시 광진구 능동로 243 (군자동),서울특별시
아차산역,37.55062116,127.0900321,general,서울특별시 광진구 천호대로 676 (구의동),서울특별시
올림픽대교북단,37.541129,127.09524,general,서울특별시 광진구 광나루로 608 (구의동),서울특별시
구의DT,37.54529839,127.0871967,generalDT,서울특별시 광진구 광나루로 519 (구의동),서울특별시
자양사거리,37.5371158,127.0825821,general,서울특별시 광진구 아차산로 355,서울특별시
군자역,37.55702607,127.0791098,general,서울특별시 광진구 천호대로 548 (군자동) 중앙빌딩,서울특별시
광나루,37.54737112,127.1060487,general,"서울특별시 광진구 아차산로 607, 1,2층 (광장동)",서울특별시
건대스타시티,37.538544,127.073009,general,서울특별시 광진구 아차산로 262 (자양동),서울특별시
건대입구,37.5406604,127.0707225,general,서울특별시 광진구 능동로 107 (화양동),서울특별시
구의역,37.53698,127.084015,general,서울특별시 광진구 아차산로 373 (구의동),서울특별시
광장,37.54261258,127.0996405,general,서울특별시 광진구 아차산로 537-17 (광장동),서울특별시
건국클래식,37.538466,127.071271,general,서울특별시 광진구 능동로 90 (자양동) 더 클래식500,서울특별시
건대후문,37.54603056,127.0738193,general,서울특별시 광진구 능동로 172 (화양동),서울특별시
중곡역,37.56505701,127.0844523,general,"서울특별시 광진구 능동로 400 (중곡동) 1층 108,109,110,111,112,118 6개호실",서울특별시
자양이마트,37.537817,127.072597,general,서울특별시 광진구 아차산로 272 (자양동) 지하1층,서울특별시
자양역,37.53268464,127.0678785,general,"서울특별시 광진구 능동로 18 (자양동, 이튼타워리버3차)",서울특별시
화양삼거리,37.54774853,127.0712692,general,서울특별시 광진구 광나루로 374 (화양동),서울특별시
군자사거리,37.55769507,127.0790879,general,서울특별시 광진구 천호대로 549 (중곡동) 1층,서울특별시
금천구청역,37.45588673,126.8956825,general,"서울특별시 금천구 시흥대로73길 67 (시흥동), 엠메디컬타워 1층",서울특별시
가산에스케이,37.48082409,126.8810008,general,"서울특별시 금천구 가산디지털1로 171 (가산동), SK V1센터 1층",서울특별시
독산사거리,37.47158263,126.8986055,general,서울특별시 금천구 시흥대로 426 (독산동),서울특별시
금천시흥,37.44875938,126.9032388,general,서울특별시 금천구 시흥대로 164 (시흥동),서울특별시
가산디지털단지역,37.48135375,126.8835891,general,"서울특별시 금천구 벚꽃로 298 (가산동), 대륭포스트타워 6차 1층",서울특별시
금천독산,37.46957081,126.8956578,general,서울특별시 금천구 두산로 70 (독산동),서울특별시
가산디지털,37.47997009,126.8825072,general,"서울특별시 금천구 가산디지털1로 168 (가산동), 우림라이온스밸리 B동 1층",서울특별시
마리오아울렛,37.47860691,126.8848483,general,서울특별시 금천구 벚꽃로 266 마리오아울렛3관,서울특별시
가산브이타워,37.4770041,126.8835506,general,"서울특별시 금천구 가산디지털1로 128 (가산동), V-TOWER 1층",서울특별시
가산그레이트,37.4795508,126.8872719,general,"서울특별시 금천구 디지털로9길 32, 갑을그레이트밸리 1층 (가산동)",서울특별시
독산역,37.46770967,126.887674,general,"서울특별시 금천구 가산디지털1로 16 (가산동), 107-2, 1층",서울특별시
가산퍼블릭,37.47574363,126.886848,general,"서울특별시 금천구 디지털로 178 (가산동), B동 F Park 1층",서울특별시
가산현대아울렛,37.47768044,126.8888406,general,"서울특별시 금천구 디지털로10길 9 (가산동), 1층 일부",서울특별시
가산케이에스,37.48089352,126.8851557,general,"서울특별시 금천구 벚꽃로36길 30 (가산동), 가산KS타워 1층",서울특별시
가산어반워크,37.48002317,126.878251,general,서울특별시 금천구 가산디지털2로 135 (가산동),서울특별시
월계역,37.6295,127.0574,general,"서울특별시 노원구 초안산로2라길26 월계동(104,105,106호)",서울특별시
월계트레이더스,37.62800551,127.0613542,general,서울특별시 노원구 마들로3길 15 (월계동),서울특별시
상계초교사거리,37.656776,127.066442,general,서울특별시 노원구 노원로 449 (상계동),서울특별시
공릉DT,37.6206884,127.0743116,generalDT,서울특별시 노원구 동일로 1015 (공릉동),서울특별시
노원마들역,37.66102597,127.0580777,general,"서울특별시 노원구 노원로 569 (상계동, 임광아파트)",서울특별시
공릉역,37.626337,127.072252,general,서울특별시 노원구 동일로 1081 (공릉동),서울특별시
은행사거리,37.65048737,127.0759861,general,"서울특별시 노원구 중계로 217, 중흥빌딩 103,203호 (중계동)",서울특별시
노원KT,37.654562,127.063617,general,"서울특별시 노원구 노해로 502, (주)KT 노원사옥 (상계동)",서울특별시
광운대,37.6231479,127.0607009,general,서울특별시 노원구 석계로 104 (월계동),서울특별시
중계역,37.64817,127.062244,general,"서울특별시 노원구 동일로 1339, 대한빌딩 (상계동)",서울특별시
노원역,37.654751,127.060034,general,서울특별시 노원구 동일로 1413 (상계동) 1층,서울특별시
월계이마트,37.62710414,127.0620785,general,서울특별시 노원구 마들로3길 15 (월계동),서울특별시
태릉입구역DT,37.61942,127.07932,generalDT,서울특별시 노원구 화랑로 469 (공릉동),서울특별시
노원상계,37.651535,127.061026,general,서울특별시 노원구 동일로215길 2 (상계동),서울특별시
노원구청,37.6539896,127.057755,general,서울특별시 노원구 노해로 447 (상계동),서울특별시
창동이마트,37.65165849,127.046866,general,서울특별시 도봉구 노해로65길 4 (창동),서울특별시
쌍문역,37.648456,127.034783,general,서울특별시 도봉구 도봉로 480 (창동),서울특별시
도봉구청,37.66950348,127.046038,general,서울특별시 도봉구 마들로 665 (도봉동),서울특별시
쌍문도봉로,37.6453516,127.0331011,general,서울특별시 도봉구 도봉로 444 (창동),서울특별시
도봉로DT,37.66118059,127.0416301,generalDT,서울특별시 도봉구 도봉로 635 (쌍문동),서울특별시
방학역,37.6653125,127.0433125,general,"서울특별시 도봉구 도봉로 684 (방학동)101,102,113,114,115호",서울특별시
창동역,37.65450211,127.0496725,general,서울특별시 도봉구 마들로13길 61 (창동),서울특별시
노량진동,37.513068,126.946537,general,"서울특별시 동작구 노량진로 190 (노량진동, 고려교육타워-어바니엘한강) 101호~105호",서울특별시
남성역,37.4841198,126.9725739,general,서울특별시 동작구 사당로 219 (사당동),서울특별시
상도역,37.5031936,126.9484581,general,서울특별시 동작구 상도로37길 1 (상도1동),서울특별시
보라매공원R,37.49191014,126.9235484,reserve,"서울특별시 동작구 보라매로5길 35 (신대방동, 파크스퀘어,보라매현대APT)",서울특별시
이수자이,37.484414,126.980047,general,서울특별시 동작구 사당로 300 (사당동 이수자이),서울특별시
노량진역,37.51339,126.940879,general,서울특별시 동작구 노량진로 134 (노량진동),서울특별시
신대방삼거리역,37.50034872,126.9319876,general,서울특별시 동작구 상도로 102 (상도동),서울특별시
중앙대,37.506933,126.958125,general,서울특별시 동작구 흑석로 75-1 (흑석동),서울특별시
숭실대입구역,37.4968346,126.9527123,general,서울특별시 동작구 상도로 354 (상도동),서울특별시
숭실대,37.49538073,126.9548891,general,서울특별시 동작구 사당로 4 (상도동),서울특별시
사당역,37.47849216,126.9813456,general,"서울특별시 동작구 동작대로 21, 양지빌딩 1-3층 (사당동)",서울특별시
서강대프라자,37.551073,126.943096,general,서울특별시 마포구 백범로 35 (신수동),서울특별시
상암YTN,37.57931427,126.8922104,general,서울특별시 마포구 상암산로 76 (상암동),서울특별시
마포용강동,37.541186,126.942209,general,서울특별시 마포구 토정로 295 (용강동),서울특별시
홍대입구역사거리R,37.554636,126.92036,reserve,서울특별시 마포구 양화로 125 (서교동),서울특별시
마포경찰서후문,37.5508,126.953432,general,서울특별시 마포구 마포대로 173-14 (아현동),서울특별시
공덕,37.545913,126.952956,general,서울특별시 마포구 마포대로 130 (공덕동),서울특별시
합정폴리스R,37.5509,126.9134,reserve,"서울특별시 마포구 양화로 45 (서교동, 메세나폴리스)",서울특별시
홍대공항철도역,37.557491,126.925146,general,서울특별시 마포구 양화로 178 (동교동),서울특별시
마포염리,37.543876,126.94768,general,서울특별시 마포구 독막로 311 (염리동),서울특별시
서강광흥창역,37.549377,126.931661,general,서울특별시 마포구 서강로 69 (창전동),서울특별시
합정,37.54997888,126.9125404,general,"서울특별시 마포구 월드컵로1길 14 (합정동) 마포한강푸르지오 110, 111, 112-2",서울특별시
서강대흥역,37.548178,126.941576,general,서울특별시 마포구 백범로 89-5 (대흥동),서울특별시
서교동사거리,37.553376,126.918564,general,서울특별시 마포구 양화로 105 (서교동),서울특별시
상암사보이시티,37.58146221,126.8887855,general,서울특별시 마포구 월드컵북로54길 17 (상암동),서울특별시
신촌오거리,37.555137,126.934694,general,서울특별시 마포구 신촌로16길 10 (노고산동),서울특별시
상암디지털큐브,37.57613522,126.8889264,general,서울특별시 마포구 상암산로 34,서울특별시
상수역,37.5474817,126.9232158,general,서울특별시 마포구 독막로 88 (상수동),서울특별시
공덕오거리,37.5424641,126.9505773,general,서울특별시 마포구 마포대로 86 (도화동) 창강빌딩,서울특별시
서강대,37.5524584,126.9378262,general,서울특별시 마포구 백범로 23 (신수동),서울특별시
상암MBC,37.58094224,126.8915854,general,서울특별시 마포구 성암로 267 (상암동),서울특별시
홍대역,37.557175,126.923654,general,"서울특별시 마포구 양화로 165, 상진빌딩 1층 (동교동)",서울특별시
동교,37.556928,126.919819,general,"서울특별시 마포구 월드컵북로 22, 영준빌딩 1층 (동교동)",서울특별시
애오개역,37.55232078,126.9556945,general,"서울특별시 마포구 마포대로 201, 마포트라팰리스II (아현동)",서울특별시
상암DMC,37.57770032,126.8909364,general,"서울특별시 마포구 월드컵북로 375, DMC이안오피스텔1단지 102호,202호 (상암동)",서울특별시
마포일진빌딩,37.54043451,126.9463168,general,"서울특별시 마포구 마포대로 45, 일진빌딩 1층 (도화동)",서울특별시
마포아크로,37.54133484,126.9488666,general,서울특별시 마포구 마포대로 68 (도화동) 마포아크로타워,서울특별시
홍대삼거리,37.55024764,126.9232823,general,서울특별시 마포구 와우산로 64 (상수동),서울특별시
망원역,37.555829,126.910637,general,서울특별시 마포구 월드컵로 74 (서교동),서울특별시
마포이마트,37.542421,126.953341,general,서울특별시 마포구 백범로 212 (신공덕동) 마포이마트,서울특별시
합정메세나몰,37.55005847,126.9135588,general,"서울특별시 마포구 양화로 45 (서교동, 메세나폴리스)",서울특별시
아현역대로,37.557097,126.954834,general,서울특별시 마포구 신촌로 262 (아현동),서울특별시
디지털미디어시티역,37.57614873,126.8989479,general,서울특별시 마포구 성암로 179 (상암동),서울특별시
홍대역8번출구,37.5567435,126.9241665,generalWT,서울특별시 마포구 양화로 166 (동교동),서울특별시
합정푸르지오,37.55094291,126.9124827,general,"서울특별시 마포구 월드컵로3길 14 (합정동, 마포 한강 2차 푸르지오)",서울특별시
홍대동교,37.55832805,126.9262465,general,서울특별시 마포구 양화로 192 (동교동),서울특별시
망원한강공원,37.55397485,126.8959278,general,서울특별시 마포구 마포나루길 435 (망원동),서울특별시
마포구청역,37.56495699,126.9025546,general,서울특별시 마포구 월드컵로 200 (성산동) 1층 일부,서울특별시
가재울뉴타운,37.57507214,126.9163599,general,"서울특별시 서대문구 가재울미래로 2 (남가좌동, DMC파크뷰자이2단지별동상가1층)",서울특별시
남가좌사거리,37.577386,126.920815,general,"서울특별시 서대문구 거북골로 84 (남가좌동, DMC에코자이104동)",서울특별시
신촌역,37.55625738,126.934653,general,서울특별시 서대문구 신촌로 73 (창천동),서울특별시
연희동,37.566702,126.930475,general,서울특별시 서대문구 연희로 97 (연희동),서울특별시
아현역,37.558421,126.956349,general,"서울특별시 서대문구 신촌로35길 10 (북아현동, e편한세상신촌 4단지)",서울특별시
홍제역,37.588658,126.943864,general,서울특별시 서대문구 통일로 451 (홍제동),서울특별시
연세백양로,37.56287446,126.93744,general,서울특별시 서대문구 연세로 50 (신촌동) 연세대학교,서울특별시
연희DT,37.5702143,126.9339777,generalDT,서울특별시 서대문구 연희로 144 (연희동),서울특별시
경기대,37.56367995,126.9646045,general,서울특별시 서대문구 충정로 53 (충정로2가),서울특별시
신촌,37.55648577,126.9371155,general,서울특별시 서대문구 연세로 10-1 (창천동),서울특별시
이대,37.55848315,126.9459643,general,서울특별시 서대문구 이화여대길 34 (대현동),서울특별시
연세종합관,37.56146854,126.9411197,general,"서울특별시 서대문구 연세로 50, 연세세브란스 종합관 (신촌동)",서울특별시
이대ECC,37.561631,126.94735,general,서울특별시 서대문구 이화여대길 52 (대현동) 이화여자대학교 B415호,서울특별시
연대,37.558706,126.936727,general,서울특별시 서대문구 연세로 35 (창천동),서울특별시
충정로역,37.56137,126.963219,general,서울특별시 서대문구 충정로 23,서울특별시
연대동문,37.56648507,126.9463253,general,서울특별시 서대문구 성산로 565 (대신동),서울특별시
신촌명물거리,37.55776843,126.9381545,general,"서울특별시 서대문구 명물길 24, 1-5층 (창천동)",서울특별시
충정타워,37.559869,126.96411,general,"서울특별시 서대문구 서소문로 21, 충정타워빌딩 1층 (충정로3가)",서울특별시
이대역,37.55705845,126.9464537,general,서울특별시 서대문구 신촌로 183 (대현동),서울특별시
북가좌DT,37.580758,126.911478,generalDT,서울특별시 서대문구 응암로 85 (북가좌동),서울특별시
현대신촌,37.55608306,126.9358449,general,서울특별시 서대문구 신촌로 83 (창천동),서울특별시
방배로,37.4793434,126.9994968,general,서울특별시 서초구 방배로 52 (방배동),서울특별시
강남교보타워R,37.50371078,127.0243353,reserve,서울특별시 서초구 강남대로 465 (서초동),서울특별시
방배다이치빌딩,37.484329,126.995872,general,서울특별시 서초구 방배로 114 (방배동),서울특별시
센트럴F1,37.505148,127.004395,general,서울특별시 서초구 신반포로 176 (반포동),서울특별시
서초역이화빌딩,37.487931,127.009126,general,서울특별시 서초구 반포대로21길 3 (서초동),서울특별시
서초구청,37.48435384,127.0300905,general,서울특별시 서초구 남부순환로 2557 (서초동),서울특별시
서초우성사거리,37.493545,127.02943,general,서울특별시 서초구 강남대로 343 (서초동),서울특별시
이수역사거리,37.48585,126.983027,general,"서울특별시 서초구 서초대로 3-4 (방배동, 방배디오슈페리움1)",서울특별시
강남대로신사,37.51489,127.019469,general,서울특별시 서초구 강남대로 595 (잠원동),서울특별시
서울고속터미널,37.5045697,127.0061603,general,서울특별시 서초구 신반포로 194 (반포동),서울특별시
방배,37.491914,126.9904974,general,서울특별시 서초구 방배로 211,서울특별시
방배카페거리,37.4934767,126.9865297,general,서울특별시 서초구 방배중앙로 162 (방배동),서울특별시
서초법원,37.49297,127.011875,general,서울특별시 서초구 서초대로 274 (서초동),서울특별시
청계산입구역,37.447323,127.05625,general,서울특별시 서초구 청계산로 203 (신원동),서울특별시
사당로데오,37.4772752,126.9821605,general,서울특별시 서초구 방배천로 5-4(방배동),서울특별시
파미에파크R,37.5030521,127.004362,reserve,서울특별시 서초구 사평대로 205 (반포동) CENTRALCITY,서울특별시
양재역,37.48237953,127.0368534,reserve,서울특별시 서초구 강남대로 202 (양재동) 모산빌딩,서울특별시
논현역,37.51143761,127.0205487,general,서울특별시 서초구 강남대로 557 (잠원동) 1~2층,서울특별시
이수역,37.4864664,126.9827403,general,서울특별시 서초구 동작대로 112 (방배동),서울특별시
내방역,37.490004,126.992455,general,서울특별시 서초구 방배로 184 (방배동) 대풍빌딩,서울특별시
서초파라곤,37.49563031,127.0270931,general,서울특별시 서초구 서초대로74길 29 (서초동) 서초파라곤,서울특별시
서울아트센터,37.480866,127.012368,general,서울특별시 서초구 남부순환로 2395 (서초동) 호경빌딩,서울특별시
서초중앙로,37.501691,127.01152,general,서울특별시 서초구 서초중앙로 225,서울특별시
센트럴시티,37.504707,127.004459,general,서울특별시 서초구 신반포로 176 (반포동),서울특별시
강남삼성타운,37.49562035,127.0277144,general,서울특별시 서초구 서초대로78길 24 (서초동),서울특별시
방배역,37.48200755,126.9976438,general,서울특별시 서초구 방배로 84 (방배동),서울특별시
반포역,37.508589,127.011959,general,서울특별시 서초구 신반포로 257 (잠원동) 신반포11차상가,서울특별시
남부터미널,37.48467334,127.0169464,general,"서울특별시 서초구 서초중앙로 26, 래미안서초유니빌 1층 101호 (서초동)",서울특별시
뉴코아강남,37.51031339,127.0069582,general,서울특별시 서초구 잠원로 69 (잠원동) 킴스클럽,서울특별시
강남서초초교,37.5000875,127.0254909,general,"서울특별시 서초구 서초대로77길 27, 유빌딩 1,2층 (서초동)",서울특별시
교대,37.4923611,127.0142207,general,서울특별시 서초구 서초중앙로 118 (서초동),서울특별시
하이브랜드,37.46252023,127.036668,general,"서울특별시 서초구 매헌로 16, 리빙관 101호 (양재동)",서울특별시
신논현역,37.50529,127.023636,general,서울특별시 서초구 강남대로 483 (반포동) 청호빌딩,서울특별시
영동2교,37.48203954,127.0425748,general,"서울특별시 서초구 논현로 139, 대흥빌딩 (양재동)",서울특별시
남부터미널역5번출구,37.48436736,127.0142192,general,서울특별시 서초구 효령로 274 (서초동),서울특별시
서래마을입구,37.49925284,126.9984801,general,서울특별시 서초구 서래로 48 (반포동),서울특별시
몬테소리,37.4982695,127.026865,general,서울특별시 서초구 강남대로 399 (서초동),서울특별시
서초역,37.49067495,127.0086118,general,서울특별시 서초구 반포대로 118 (서초동),서울특별시
교대법원,37.496329,127.013336,general,서울특별시 서초구 서초중앙로 164 (서초동),서울특별시
강남GT타워,37.49790791,127.0261626,general,"서울특별시 서초구 서초대로 411, GT타워 (서초동)",서울특별시
서초동,37.485941,127.021525,general,"서울특별시 서초구 남부순환로339길 64, 현우빌딩 1층 (서초동)",서울특별시
서울교대,37.487397,127.015134,general,"서울특별시 서초구 서초중앙로 64, 1층 (서초동)",서울특별시
강남에비뉴,37.50257781,127.0241059,general,"서울특별시 서초구 서초대로77길 62, 강남역아이파크 B102~B105 (서초동)",서울특별시
반포자이,37.50717048,127.0099189,general,서울특별시 서초구 잠원로 24 (반포동),서울특별시
서초태우빌딩,37.48870505,127.0315812,general,서울특별시 서초구 강남대로 285 (서초동),서울특별시
교대역3번출구,37.49434566,127.0149005,general,서울특별시 서초구 서초중앙로24길 10 (서초동),서울특별시
반포원베일리,37.50465708,126.999033,general,서울특별시 서초구 반포대로 291 (반포동),서울특별시
강남역우송빌딩,37.49813146,127.0252791,general,서울특별시 서초구 서초대로73길 7 (서초동),서울특별시
서이초교사거리,37.4918146,127.0252252,general,서울특별시 서초구 사임당로 143 (서초동),서울특별시
서울웨이브아트센터,37.518807,127.00704,general,서울특별시 서초구 잠원로 145-35 (잠원동),서울특별시
길음역,37.602139,127.025271,general,서울특별시 성북구 정릉로 376 (돈암동),서울특별시
미아이마트,37.610678,127.029921,general,서울특별시 성북구 도봉로 17 (길음동),서울특별시
종암DT,37.5919525,127.0360401,generalDT,서울특별시 성북구 종암로 17 (종암동),서울특별시
미아,37.607581,127.029303,general,서울특별시 성북구 동소문로 314 (하월곡동),서울특별시
성신여대정문,37.59091,127.0188,general,서울특별시 성북구 보문로34길 62 (동선동2가),서울특별시
종암,37.601095,127.033847,general,서울특별시 성북구 종암로 122 (종암동),서울특별시
삼선교,37.588696,127.0073207,general,서울특별시 성북구 동소문로 10 (동소문동2가),서울특별시
월곡역,37.601718,127.040446,general,"서울특별시 성북구 화랑로 76, 101-1호 (하월곡동)",서울특별시
고대,37.58397192,127.0297352,general,서울특별시 성북구 고려대로24길 51 (안암동5가),서울특별시
현대미아,37.60837822,127.0287483,general,서울특별시 성북구 동소문로 315 (길음동) 지하1층,서울특별시
성신여대,37.593135,127.018379,general,서울특별시 성북구 동소문로24길 12 (동선동1가),서울특별시
안암역,37.586319,127.030556,general,서울특별시 성북구 고려대로 102-2 (안암동5가),서울특별시
한성대입구역,37.589054,127.004839,general,서울특별시 성북구 성북로 11 (성북동1가),서울특별시
고대안암병원,37.5868789,127.0282033,general,서울특별시 성북구 고려대로 73 (안암동5가),서울특별시
장위뉴타운,37.61807232,127.0515285,general,서울특별시 성북구 장월로38길 4 (장위동),서울특별시
성신여대입구역,37.59305,127.0167,general,서울특별시 성북구 동소문로 105 (동선동4가),서울특별시
송파나루역DT,37.51098709,127.1101186,generalDT,서울특별시 송파구 오금로 142 (송파동),서울특별시
송파헬리오시티,37.49778269,127.102852,general,"서울특별시 송파구 송파대로 345 (가락동, 헬리오시티)",서울특별시
잠실시그마타워,37.514567,127.102493,general,서울특별시 송파구 올림픽로 289 (신천동),서울특별시
문정법원로R,37.48735627,127.1191198,reserve,서울특별시 송파구 송파대로 201 (문정동),서울특별시
송파개롱역,37.496956,127.13652,general,서울특별시 송파구 오금로 420 (가락동),서울특별시
문정하비오,37.48211913,127.1235407,general,"서울특별시 송파구 송파대로 111 (문정동, 파크하비오) 204동 104호~107호",서울특별시
문정역,37.4852965,127.1222768,general,"서울특별시 송파구 송파대로 167 (문정동)테라타워 B동 137호~139호,204호",서울특별시
잠실대교남단R,37.515511,127.099006,reserve,서울특별시 송파구 송파대로 570 타워 730 1층,서울특별시
송파위례,37.478416,127.143161,general,"서울특별시 송파구 위례광장로 230 (장지동, 위례2차아이파크)",서울특별시
송파방이DT,37.506564,127.120495,generalDT,서울특별시 송파구 오금로 241 (방이동),서울특별시
올림픽평화의문,37.5156426,127.1164819,general,서울특별시 송파구 위례성대로 38 (방이동) 해태그린피아빌라트,서울특별시
송파아이파크,37.47979344,127.1224204,general,서울특별시 송파구 법원로 55 (문정동),서울특별시
송파사거리,37.5022788,127.1103904,general,서울특별시 송파구 송파대로 386 (송파동),서울특별시
석촌서호,37.5063929,127.0964684,general,서울특별시 송파구 석촌호수로 176 (삼전동),서울특별시
문정로데오,37.49185843,127.126231,general,서울특별시 송파구 동남로 141 (가락동),서울특별시
올림픽훼미리,37.49161638,127.1162657,general,서울특별시 송파구 중대로 68 (문정동),서울특별시
올림픽공원남문,37.5133,127.123113,general,서울특별시 송파구 위례성대로 102 (방이동),서울특별시
방이역,37.50849041,127.1267765,general,"서울특별시 송파구 마천로 53, 1~2층 (오금동)",서울특별시
석촌호수,37.50957859,127.1053264,general,서울특별시 송파구 석촌호수로 262 (송파동),서울특별시
잠실푸르지오월드,37.517649,127.103426,general,"서울특별시 송파구 올림픽로35가길 9, 잠실푸르지오월드마크 1층 (신천동)",서울특별시
잠실새내역,37.511679,127.081062,general,서울특별시 송파구 올림픽로 96 (잠실동),서울특별시
잠실역,37.515272,127.099231,general,"서울특별시 송파구 송파대로 562 (신천동, 웰리스타워,삼성웰리스아파트) 1층,2층",서울특별시
갤러리아팰리스,37.51108365,127.0938059,general,"서울특별시 송파구 올림픽로 212, 갤러리아 팰리스 (잠실동)",서울특별시
아시아선수촌,37.51059,127.079047,general,서울특별시 송파구 백제고분로 69 (잠실동),서울특별시
올림픽아파트,37.515315,127.133237,general,서울특별시 송파구 양재대로 1220 (방이동),서울특별시
가락본동,37.49481239,127.1188348,general,서울특별시 송파구 송파대로30길 13 (가락동),서울특별시
석촌역,37.5042626,127.1061077,general,"서울특별시 송파구 백제고분로 358, 1층 (석촌동)",서울특별시
가락시장역,37.49442876,127.1217432,general,"서울특별시 송파구 중대로 121, 롯데캐슬 파인힐 1층 (가락동)",서울특별시
가든파이브,37.47797468,127.1211852,general,서울특별시 송파구 충민로 10 (문정동) 가든파이브툴,서울특별시
문정역2번출구,37.4862934,127.1232027,general,서울특별시 송파구 문정로 1 (문정동),서울특별시
잠실본동,37.50864459,127.079491,general,"서울특별시 송파구 백제고분로 91 (잠실동), 1층",서울특별시
송파NC,37.47804419,127.1258008,general,서울특별시 송파구 충민로 66 (문정동)  가든파이브라이프 패션관1층,서울특별시
송파거여역,37.49360001,127.1436454,general,서울특별시 송파구 오금로 493 (거여동),서울특별시
몽촌토성역,37.516913,127.113127,general,서울특별시 송파구 위례성대로 6 (방이동),서울특별시
송파KT,37.51394208,127.1069923,general,"서울특별시 송파구 잠실로 209 (신천동), 오피스빌딩 1층 2~4호",서울특별시
문정법조타운 한양타워,37.48579659,127.1178142,general,서울특별시 송파구 법원로11길 12 (문정동),서울특별시
송파마천사거리DT,37.499829,127.147672,generalDT,서울특별시 송파구 거마로 78 (마천동),서울특별시
목동파리공원,37.535336,126.878852,general,서울특별시 양천구 목동동로 377 (목동),서울특별시
등촌역,37.548884,126.86807,general,서울특별시 양천구 공항대로 566 (목동) 1층 2층,서울특별시
목동행복한,37.52935596,126.8758921,general,서울특별시 양천구 목동동로 309 (목동),서울특별시
신정DT,37.521993,126.858865,generalDT,서울특별시 양천구 신월로 341 (신정동),서울특별시
목동역,37.526684,126.863986,general,서울특별시 양천구 목동로 203 (신정동) 1층일부,서울특별시
목동오목로,37.525923,126.868438,general,"서울특별시 양천구 오목로 279 (목동) 102,103,104,105호",서울특별시
목동8단지,37.520518,126.868841,general,서울특별시 양천구 목동서로 299 (신정동),서울특별시
오목교역,37.52385593,126.8764499,general,서울특별시 양천구 오목로 354 (목동),서울특별시
신월IC DT,37.52950244,126.8322023,generalDT,서울특별시 양천구 남부순환로 430 (신월동),서울특별시
목동7단지,37.528012,126.87053,general,서울특별시 양천구 목동서로 213 (목동) 세신비젼프라자,서울특별시
목동5단지,37.53638564,126.8821175,general,"서울특별시 양천구 목동동로 411, 1동 116호(목동, 부영그린타운3차)",서울특별시
목동,37.53638383,126.8785597,general,서울특별시 양천구 목동서로 67 (목동) 우성에펠타운,서울특별시
현대목동,37.526848,126.875023,general,"서울특별시 양천구 목동동로 257 (목동, 현대하이페리온) 지하2층",서울특별시
목동SBS,37.52896162,126.8736301,general,"서울특별시 양천구 목동서로 161 (목동), 1/2층 일부",서울특별시
목동트라팰리스,37.5255,126.8702,general,서울특별시 양천구 오목로 299 (목동),서울특별시
목동10단지,37.51542562,126.8596031,general,"서울특별시 양천구 목동서로 401 (신정동, 대림아크로빌), 상가A동 101,101-1호",서울특별시
신월동DT,37.53829235,126.8271014,generalDT,서울특별시 양천구 남부순환로 319 (신월동),서울특별시
타임스퀘어R,37.51755,126.90516,reserve,서울특별시 영등포구 영중로 15 지하 1층 (영등포동4가),서울특별시
샛강역,37.5183551,126.9312716,general,서울특별시 영등포구 여의대방로 376 (여의도동),서울특별시
영등포역,37.51699962,126.9090666,general,서울특별시 영등포구 경인로 870 (영등포동1가),서울특별시
당산대로,37.533121,126.903804,general,서울특별시 영등포구 양평로 22 (당산동6가),서울특별시
여의도IFC몰(L1)R,37.52538632,126.9260652,reserve,서울특별시 영등포구 국제금융로 10 (여의도동)  지하1층 178호,서울특별시
여의도KBS R,37.526596,126.918456,reserve,서울특별시 영등포구 의사당대로 26 (여의도동),서울특별시
여의도화재보험,37.521345,126.926004,general,서울특별시 영등포구 국제금융로6길 38 (여의도동),서울특별시
국회대로,37.53026,126.919549,general,서울특별시 영등포구 국회대로 786 (여의도동),서울특별시
영등포KT,37.526419,126.905314,general,서울특별시 영등포구 영중로 119 (영등포동8가),서울특별시
여의도공원R,37.52912953,126.9253573,reserve,서울특별시 영등포구 여의공원로 101 (여의도동),서울특별시
국회의사당역,37.5280541,126.9171195,general,서울특별시 영등포구 의사당대로 8 (여의도동),서울특별시
여의도역R,37.523328,126.923439,reserve,서울특별시 영등포구 의사당대로 83 (여의도동) 1층,서울특별시
선유동이레빌딩,37.53427768,126.8969763,general,서울특별시 영등포구 선유동2로 57 (양평제1동) 이레빌딩,서울특별시
동여의도,37.52063016,126.9316864,general,서울특별시 영등포구 국제금융로 86 (여의도동) 롯데캐슬 아이비,서울특별시
여의도ABL타워,37.518749,126.92779,general,서울특별시 영등포구 의사당대로 147 (여의도동) 알리안츠타워,서울특별시
영등포신길,37.504566,126.910073,general,"서울특별시 영등포구 신길로 137 (신길동) 1,2층",서울특별시
문래역,37.517446,126.895258,general,서울특별시 영등포구 당산로 34 (문래동3가),서울특별시
당산,37.53499432,126.9000047,general,서울특별시 영등포구 양평로 64 (당산동6가),서울특별시
여의도한양증권,37.52244989,126.9290589,general,서울특별시 영등포구 국제금융로6길 7 (여의도동) 한양증권,서울특별시
여의도일신,37.52774993,126.9202762,general,서울특별시 영등포구 은행로 11 (여의도동) 1층 1부,서울특별시
하이테크시티,37.51445587,126.8998794,general,서울특별시 영등포구 경인로 775 (문래동3가) 에이스하이테크시티,서울특별시
여의도,37.52403519,126.9245179,general,서울특별시 영등포구 국제금융로2길 28 (여의도동),서울특별시
롯데캐슬여의도,37.52025214,126.9263678,general,"서울특별시 영등포구 의사당대로 127 (여의도동, 롯데캐슬엠파이어) 1층 104호",서울특별시
문래동,37.519602,126.889652,general,"서울특별시 영등포구 선유로 64, 대창타운빌 1층 (문래동3가)",서울특별시
여의도호성,37.52047102,126.9292064,general,"서울특별시 영등포구 여의대방로65길 24, 호성빌딩 1층 (여의도동)",서울특별시
타임스퀘어B2,37.51681041,126.9033631,general,"서울특별시 영등포구 영중로 15, 지하2층 (영등포동4가)",서울특별시
영등포본동,37.518713,126.909559,general,서울특별시 영등포구 영등포로 254 (영등포동3가),서울특별시
타임스퀘어2F,37.51692298,126.903312,general,서울특별시 영등포구 영중로 15 지상2층 (영등포동4가),서울특별시
여의도의사당,37.530023,126.92109,general,서울특별시 영등포구 국회대로74길 12 (여의도동),서울특별시
여의도IFC(1F),37.525273,126.924668,general,서울특별시 영등포구 국제금융로 10 (여의도동),서울특별시
여의도교직원공제회,37.5219149,126.9255879,general,서울특별시 영등포구 여의나루로 50 (여의도동),서울특별시
선유도역 1번출구,37.538333,126.893612,general,서울특별시 영등포구 양평로 128 (양평동5가)양평로 128,서울특별시
영등포시장역,37.52349265,126.9049778,general,서울특별시 영등포구 영중로 79 (영등포동7가),서울특별시
영등포구청역,37.52789,126.89608,general,서울특별시 영등포구 국회대로 558 ,서울특별시
서울양평역,37.523128,126.885809,general,"서울특별시 영등포구 선유서로24길 6 (양평동1가, 영등포 중흥 S-CLASS)",서울특별시
영등포시장교차로,37.5204239,126.904446,general,서울특별시 영등포구 영중로 45 (영등포동6가),서울특별시
더현대서울(B2)R,37.52588346,126.9286582,reserve,서울특별시 영등포구 여의대로 108 (여의도동),서울특별시
여의도브라이튼,37.52410062,126.9298173,general,"서울특별시 영등포구 국제금융로 39 (여의도동, 브라이튼 여의도), 1층",서울특별시
여의도TP타워,37.52162494,126.9230203,general,서울특별시 영등포구 의사당대로 96 (여의도동),서울특별시
당산역사거리,37.53409659,126.9012137,general,서울특별시 영등포구 양평로 47 (당산동5가),서울특별시
신풍역,37.50034696,126.9084384,general,서울특별시 영등포구 신풍로 23 (신길동),서울특별시
불광역,37.609382,126.9303971,general,서울특별시 은평구 통일로 715 (대조동),서울특별시
구파발사거리,37.639617,126.91881,general,서울특별시 은평구 진관3로 21 은평엘크루 101동 105-108호,서울특별시
연신내역사거리,37.61877394,126.9217989,general,서울특별시 은평구 통일로 842 (불광동),서울특별시
연신내,37.6203213,126.9198926,general,서울특별시 은평구 통일로 867 (갈현동),서울특별시
구파발역,37.63446,126.918881,general,서울특별시 은평구 진관2로 12,서울특별시
은평구청입구,37.601042,126.926789,general,서울특별시 은평구 은평로 170 (응암동),서울특별시
은평이마트,37.60037923,126.9202735,general,서울특별시 은평구 은평로 111 (응암동),서울특별시
구산역,37.611745,126.917678,general,서울특별시 은평구 연서로 146 (대조동),서울특별시
불광역8번출구,37.61199,126.9289,general,서울특별시 은평구 통일로 746 (불광동),서울특별시
수색,37.58006407,126.8995624,general,서울특별시 은평구 수색로 216 (수색동),서울특별시
새절역,37.58942667,126.9128635,general,서울특별시 은평구 증산로 371 (신사동),서울특별시
더북한산,37.65545766,126.9475564,general,서울특별시 은평구 대서문길 24-11 (진관동),서울특별시
녹번역,37.60330762,126.9352857,general,"서울특별시 은평구 통일로 636 (녹번동) 110,111,112,113,114,115호",서울특별시
진관DT,37.6501787,126.9361968,generalDT,서울특별시 은평구 연서로 645 (진관동),서울특별시
연합뉴스,37.57462714,126.9804754,general,서울특별시 종로구 율곡로2길 25 (수송동),서울특별시
혜화역,37.5824779,127.002185,general,서울특별시 종로구 대학로12길 4 (동숭동)1~2층,서울특별시
경희궁로,37.571759,126.972343,general,서울특별시 종로구 새문안로3길 15 (당주동),서울특별시
강북삼성병원,37.568546,126.96756,general,서울특별시 종로구 새문안로 29 (평동) C관 5층,서울특별시
종로평창동,37.60614771,126.9673641,general,서울특별시 종로구 평창12길 3 (평창동),서울특별시
광화문우체국,37.569854,126.978083,general,서울특별시 종로구 종로 6 (서린동),서울특별시
종로R,37.5708,126.9834,reserve,서울특별시 종로구 종로 51 (종로2가),서울특별시
독립문역,37.571432,126.961269,general,서울특별시 종로구 송월길 155 경희궁자이 4단지 1층 팰리스애비뉴 4114~4119호,서울특별시
정부서울청사R,37.57462131,126.9736776,reserve,서울특별시 종로구 새문안로5가길 28 (적선동),서울특별시
종로구청,37.57249861,126.9809514,general,서울특별시 종로구 삼봉로 71 (수송동),서울특별시
북촌로,37.57941902,126.9864856,general,서울특별시 종로구 북촌로4길 23 (계동),서울특별시
종로수송,37.57165163,126.9806234,general,서울특별시 종로구 종로5길 30 (청진동) 1~3층,서울특별시
새문안로,37.56982385,126.9752216,general,서울특별시 종로구 새문안로 92 (신문로1가) 광화문오피시아빌딩,서울특별시
안국,37.57739395,126.9857643,general,서울특별시 종로구 북촌로 5-1 (재동),서울특별시
삼청동,37.58541226,126.9819133,general,서울특별시 종로구 삼청로 111-1 (삼청동),서울특별시
광화문D타워,37.57049133,126.97907,general,서울특별시 종로구 종로3길 17 (청진동) D타워,서울특별시
적선,37.57520431,126.9739361,general,"서울특별시 종로구 새문안로5길 55, 노스게이트빌딩 1층 (적선동)",서울특별시
인사,37.57220884,126.9867982,general,서울특별시 종로구 인사동길 14 (인사동),서울특별시
광화문,37.5712293,126.9762872,generalWT,서울특별시 종로구 세종대로 167 (세종로),서울특별시
성대입구,37.582892,126.998392,general,서울특별시 종로구 창경궁로 235 (명륜3가),서울특별시
스페이스본,37.57488603,126.9692202,general,서울특별시 종로구 사직로8길 4 (사직동) 광화문 풍림스페이스본,서울특별시
주얼리시티,37.57148292,126.9986666,general,서울특별시 종로구 종로 183 (인의동) 효성주얼리시티,서울특별시
종각,37.57001689,126.9845035,general,서울특별시 종로구 종로 64 (종로2가),서울특별시
동숭로아트,37.582969,127.003876,general,서울특별시 종로구 동숭길 110 (동숭동),서울특별시
종로관철,37.5691386,126.9859328,general,"서울특별시 종로구 종로12길 21, 2층 (관철동)",서울특별시
경복궁역,37.5771508,126.9727453,general,"서울특별시 종로구 자하문로4길 6, 1층 (통의동)",서울특별시
이마빌딩,37.5738637,126.9789715,general,서울특별시 종로구 종로1길 42 (수송동),서울특별시
마로니에공원,37.58154296,127.0023412,general,"서울특별시 종로구 대학로 116, 1-2층 (동숭동)",서울특별시
종로3가,37.57056486,126.990217,general,"서울특별시 종로구 종로 113-1, 1-4층 (종로3가)",서울특별시
대학로,37.57649164,127.001471,general,"서울특별시 종로구 대학로 57, 홍익대학교 대학로캠퍼스 內 (연건동)",서울특별시
경복궁사거리,37.57561594,126.9802374,general,"서울특별시 종로구 율곡로 6, B동 101호(중학동, 트윈트리타워)",서울특별시
종로관수,37.56971102,126.9886352,general,서울특별시 종로구 삼일대로20길 13 (관수동),서울특별시
광화문교보문고,37.571017,126.977937,general,서울특별시 종로구 종로 1 (종로1가),서울특별시
정동,37.568578,126.970067,general,서울특별시 종로구 새문안로 42 (신문로2가),서울특별시
종로플레이스,37.57313777,126.998355,general,서울특별시 종로구 창경궁로 120 (인의동),서울특별시
강북삼성병원1층,37.568546,126.96756,general,서울특별시 종로구 새문안로 29 (평동) A관 1층,서울특별시
동숭길입구,37.584236,127.002014,general,서울특별시 종로구 대학로 146 (혜화동),서울특별시
서울대치과병원,37.57747409,126.9998914,general,서울특별시 종로구 대학로 101 서울대학교 치과병원 신관1층,서울특별시
서대문역,37.5667,126.96629,general,서울특별시 종로구 통일로 134 (평동),서울특별시
숭례문북창,37.561725,126.976838,general,서울특별시 중구 세종대로12길 12 (남대문로4가),서울특별시
을지로4가역,37.56634407,126.9975325,general,서울특별시 중구 을지로 170 (을지로4가),서울특별시
동대문두타,37.56892513,127.0087838,general,서울특별시 중구 장충단로 275 (을지로6가),서울특별시
대한상공회의소R,37.560938,126.973702,reserve,서울특별시 중구 세종대로 39 (남대문로4가) 1층,서울특별시
국립중앙의료원,37.566516,127.0062376,general,서울특별시 중구 을지로 251 (을지로6가),서울특별시
동국대,37.561542,126.998437,general,서울특별시 중구 서애로 1길 11,서울특별시
신세계본점5F,37.560951,126.981134,general,서울특별시 중구 소공로 63 (충무로1가),서울특별시
동대문공원,37.565133,127.007191,general,서울특별시 중구 장충단로 229 (광희동1가),서울특별시
을지로국제빌딩,37.566952,126.982219,general,서울특별시 중구 남대문로 109 (다동),서울특별시
동대입구역,37.559593,127.006142,general,서울특별시 중구 장충단로 166 (장충동1가),서울특별시
신당역사거리,37.565807,127.01643,general,서울특별시 중구 다산로 258 (흥인동),서울특별시
연세세브란스,37.557207,126.97354,general,서울특별시 중구 통일로 10 (남대문로5가),서울특별시
회현역,37.55947243,126.9807255,general,서울특별시 중구 퇴계로 72 (회현동) 리더스뷰남산,서울특별시
을지로경기빌딩,37.56707496,126.9831459,general,서울특별시 중구 남대문로10길 9 (삼각동) 경기빌딩,서울특별시
을지로2가,37.566347,126.988066,general,서울특별시 중구 삼일대로 358 (을지로2가),서울특별시
신세계본점6F,37.560381,126.980758,general,서울특별시 중구 퇴계로 77 (충무로1가),서울특별시
서울중앙우체국,37.561678,126.982117,general,서울특별시 중구 소공로 70 (충무로 1가) 서울 중앙 우체국,서울특별시
한국프레스센터,37.56724756,126.9780494,general,서울특별시 중구 세종대로 124 (태평로1가),서울특별시
명동중앙로,37.5637485,126.9857723,general,서울특별시 중구 명동길 60 (명동 2가),서울특별시
약수역,37.555437,127.0107253,general,서울특별시 중구 다산로 129 (신당동),서울특별시
중구저동,37.5643686,126.9903382,general,서울특별시 중구 수표로 34 (저동2가),서울특별시
명동길,37.5620695,126.9858669,general,서울특별시 중구 명동10길 41,서울특별시
서소문로,37.563006,126.974546,general,서울특별시 중구 서소문로 120 (서소문동) 대한빌딩,서울특별시
신당역,37.5654034,127.0143524,general,"서울특별시 중구 퇴계로 385, 1층 (흥인동)",서울특별시
명동메트로,37.565118,126.983681,general,서울특별시 중구 명동9가길 14 (을지로1가) 메트로호텔,서울특별시
숭례문,37.55874473,126.9730952,general,"서울특별시 중구 세종대로 17, 그레이츠 숭례 1층 (남대문로5가)",서울특별시
순화동더샵,37.5600608,126.9718379,general,"서울특별시 중구 칠패로 27, 1층 (순화동)",서울특별시
환구단,37.56459885,126.9792301,general,서울특별시 중구 소공로 112 (소공동),서울특별시
무교동,37.56792802,126.9792066,general,서울특별시 중구 무교로 21 (무교동) 코오롱빌딩 1층,서울특별시
문화일보,37.56712291,126.9686642,general,서울특별시 중구 새문안로 22 (충정로1가) 문화일보,서울특별시
태평로,37.56248285,126.9767928,general,"서울특별시 중구 세종대로 72, 대영빌딩 1층 (태평로2가)",서울특별시
퍼시픽타워,37.56132157,126.9730264,general,"서울특별시 중구 세종대로9길 41, 퍼시픽타워 1층 (서소문동)",서울특별시
남산단암,37.55853622,126.9754585,general,"서울특별시 중구 소월로 10, 단암빌딩 (남대문로5가)",서울특별시
황학캐슬,37.57124,127.022905,general,서울특별시 중구 청계천로 400 (황학동) 롯데캐슬베네치아,서울특별시
을지로삼화타워,37.566902,126.984707,general,서울특별시 중구 을지로5길 16 (을지로2가) 1층,서울특별시
소공로,37.5637273,126.9807681,general,"서울특별시 중구 남대문로7길 19, 삼영빌딩 1층 일부 (소공동)",서울특별시
을지로한국빌딩,37.565722,126.98329,general,"서울특별시 중구 을지로 50, 1층 (을지로 2가)",서울특별시
시청,37.56629,126.979808,general,"서울특별시 중구 을지로 19, 삼성화재삼성빌딩 1층 (을지로1가)",서울특별시
명동역,37.56086222,126.9831054,general,"서울특별시 중구 퇴계로 101, 건물 전체 (충무로 1가)",서울특별시
명동입구,37.563319,126.982242,general,서울특별시 중구 남대문로 68-1 (명동2가),서울특별시
장충라운지R,37.56103691,127.0073347,reserve,서울특별시 중구 장충단로4길 25 (장충동1가),서울특별시
충무로,37.56149598,126.9928231,general,서울특별시 중구 충무로 3 (필동1가),서울특별시
이마트타워,37.56074346,126.9725284,general,서울특별시 중구 세종대로7길 37 (순화동) 1층,서울특별시
동호로,37.5534784,127.0113052,general,서울특별시 중구 동호로 171 (신당동),서울특별시
무교로,37.56722072,126.9790766,general,서울특별시 중구 무교로 15 (무교동),서울특별시
청계크리스탈스퀘어,37.5679,126.98933,general,서울특별시 중구 청계천로 106 (수표동),서울특별시
숭례문SG타워,37.5581293,126.9742637,general,서울특별시 중구 세종대로 14 (남대문로5가),서울특별시
세종대로,37.568678,126.976493,general,서울특별시 중구 세종대로 135-5 (태평로1가),서울특별시
동대문디자인플라자,37.56743,127.009758,general,서울특별시 중구 을지로 281 (을지로7가) 디자인장터,서울특별시
별다방,37.5602013,126.9829327,reserve,서울특별시 중구 퇴계로 100 (회현동2가),서울특별시
포포인츠명동,37.5657211,126.9893426,general,서울특별시 중구 삼일대로10길 36 (저동2가),서울특별시
명동남산,37.560809,126.986397,general,서울특별시 중구 퇴계로 132 (남산동3가),서울특별시
명일역,37.55255452,127.1438858,general,서울특별시 강동구 양재대로 1647 (명일동),서울특별시
강동구청DT,37.52938777,127.1238477,generalDT,서울특별시 강동구 성내로 32 (성내동),서울특별시
강동암사DT,37.55511597,127.1299705,generalDT,서울특별시 강동구 고덕로 43 (암사동),서울특별시
굽은다리역,37.54531155,127.1430176,general,"서울특별시 강동구 양재대로 1568 (명일동, 원일타워)",서울특별시
강동역,37.536047,127.133086,general,"서울특별시 강동구 천호대로 1089 (천호동, 강동 헤르셔)",서울특별시
둔촌동,37.52264171,127.1339866,general,서울특별시 강동구 양재대로 1303 (성내동) 평원빌딩,서울특별시
천호로데오,37.5378069,127.1273094,reserve,서울특별시 강동구 천호대로 1037 (천호동),서울특별시
천호이마트,37.53898428,127.1251705,general,서울특별시 강동구 천호대로 1015-14 (천호동) 이마트별관,서울특별시
길동역,37.53870167,127.1401395,general,서울특별시 강동구 양재대로 1487 (길동),서울특별시
상일동,37.55094836,127.1740954,general,"서울특별시 강동구 상일로10길 36, 1~2층 (상일동)",서울특별시
명일이마트,37.55417877,127.1561341,general,서울특별시 강동구 동남로75길 5 (명일동) 명일이마트별관주차장,서울특별시
상일동역,37.55756654,127.1707636,general,"서울특별시 강동구 고덕로 399 (고덕동, 고덕센트럴푸르지오)",서울특별시
천호사거리,37.539702,127.123542,general,서울특별시 강동구 올림픽로 651 (천호동),서울특별시
강일역,37.55747469,127.1735107,general,"서울특별시 강동구 고덕로 429 (강일동), 1층",서울특별시
올림픽공원북2문,37.5241832,127.1286775,general,서울특별시 강동구 강동대로 199 (성내동),서울특별시
강동강일,37.57219484,127.17494,general,서울특별시 강동구 아리수로93나길 54 (강일동),서울특별시
천호대로길동,37.534651,127.13721,general,서울특별시 강동구 천호대로 1131 거산 유팰리스,서울특별시
천호역,37.53795191,127.1245793,general,"서울특별시 강동구 천호대로 1012, 태승빌딩 (성내동)",서울특별시
구로디지털타워,37.48347219,126.8968567,general,서울특별시 구로구 디지털로32길 30 (구로동),서울특별시
오류동역,37.4962155,126.8448614,general,서울특별시 구로구 경인로 216 (오류동),서울특별시
구로디지털로,37.48569917,126.8959915,general,"서울특별시 구로구 디지털로33길 11, 에이스테크노8차 1층 (구로동)",서울특별시
구로에이스,37.48423377,126.8945605,general,"서울특별시 구로구 디지털로 285, 에이스트윈타워1차 103호 (구로동)",서울특별시
구로하이엔드,37.481618,126.893136,general,"서울특별시 구로구 디지털로26길 5, 에이스하이엔드타워1차 103호 (구로동)",서울특별시
현대디큐브2F,37.50945298,126.8896841,general,서울특별시 구로구 경인로 662 (신도림동),서울특별시
구로호텔,37.4831293,126.8988591,general,"서울특별시 구로구 디지털로32길 72, 구로호텔 1층 (구로동)",서울특별시
현대디큐브B2,37.50924828,126.8899813,general,서울특별시 구로구 경인로 662 (신도림동),서울특별시
구로고척,37.49706,126.86315,general,서울특별시 구로구 경인로 387 (고척동),서울특별시
구로NC,37.501219,126.882798,general,서울특별시 구로구 구로중앙로 152 (구로동) 구로NC,서울특별시
구로오류DT,37.48812923,126.8344919,generalDT,서울특별시 구로구 서해안로 2233 (오류동),서울특별시
구로구청,37.49395067,126.8867612,general,"서울특별시 구로구 가마산로 232 (구로동, 스페스큐브), B101호",서울특별시
고척아이파크,37.49930563,126.8582209,general,"서울특별시 구로구 경인로43길 49 (고척동, 고척아이파크), 1층 D-101호",서울특별시
신도림힐스테이트,37.50686003,126.8846381,general,서울특별시 구로구 경인로 625 (신도림동),서울특별시
답십리역,37.568466,127.051106,general,서울특별시 동대문구 천호대로 263 (답십리동),서울특별시
경희대삼거리,37.591531,127.052017,general,서울특별시 동대문구 회기로 141 (회기동),서울특별시
외대정문,37.5953464,127.0590302,general,서울특별시 동대문구 이문로 93 (이문동),서울특별시
신설동역,37.5767228,127.0255446,general,서울특별시 동대문구 왕산로 19 (신설동),서울특별시
회기역사거리,37.590784,127.056098,general,서울특별시 동대문구 이문로 37 (회기동),서울특별시
장한평역,37.562337,127.065511,general,서울특별시 동대문구 장한로 10 (장안동),서울특별시
경희대,37.5928812,127.0528085,general,서울특별시 동대문구 경희대로 16-1 (회기동),서울특별시
청량리역롯데캐슬스카이,37.57924927,127.0453311,general,"서울특별시 동대문구 답십리로 27 (전농동, 청량리역 롯데캐슬 SKY-L65)",서울특별시
경동1960,37.5796141,127.038685,general,서울특별시 동대문구 고산자로36길 3 (제기동),서울특별시
사이버한국외대,37.5960508,127.0607612,general,서울특별시 동대문구 휘경로 6 (이문동),서울특별시
청량리역사,37.58056532,127.0485648,general,서울특별시 동대문구 왕산로 214 (전농동) 청량리역사 Connect Place6층,서울특별시
답십리초교사거리,37.56825403,127.0572409,general,서울특별시 동대문구 전농로 38 (답십리동),서울특별시
장안사거리,37.5727209,127.0700927,general,서울특별시 동대문구 답십리로 267 (장안동),서울특별시
서울숲역,37.54186897,127.044899,general,서울특별시 성동구 왕십리로 50 (성수동1가) 1층,서울특별시
금호역,37.5479939,127.0153343,general,서울특별시 성동구 동호로 99 (금호동4가),서울특별시
뚝섬역,37.546432,127.049042,general,서울특별시 성동구 아차산로 42 (성수동1가),서울특별시
황학사거리,37.567598,127.023713,general,"서울특별시 성동구 왕십리로 410 (하왕십리동, 센트라스)",서울특별시
성수역,37.543193,127.056943,general,서울특별시 성동구 성수이로 94 (성수동2가),서울특별시
상왕십리역,37.56511028,127.0280198,general,서울특별시 성동구 왕십리로 382 (하왕십리동),서울특별시
왕십리역,37.5627541,127.0339072,general,서울특별시 성동구 왕십리로 326 (도선동),서울특별시
한양대,37.55726984,127.0421649,general,"서울특별시 성동구 왕십리로 225 (행당동) 1,2층",서울특별시
엔터식스,37.56175811,127.0383328,general,서울특별시 성동구 왕십리광장로 17 (행당동),서울특별시
신금호역,37.5549672,127.0201447,general,서울특별시 성동구 금호로 158-1 (금호동1가) 1~5층 전체,서울특별시
왕십리역9번출구,37.56054272,127.0352673,general,서울특별시 성동구 고산자로 234 (행당동),서울특별시
성수,37.54446208,127.0554133,general,서울특별시 성동구 아차산로 104 (성수동2가),서울특별시
옥수,37.5430298,127.0133661,general,서울특별시 성동구 독서당로 202 (옥수동),서울특별시
성수낙낙,37.547326,127.066367,general,서울특별시 성동구 광나루로8길 31 (성수동2가) 성수낙낙 1층 101~107호,서울특별시
효창공원앞역,37.539305,126.96306,general,"서울특별시 용산구 백범로 313 (효창동, 용산 롯데캐슬 센터포레)",서울특별시
서울역서부,37.555165,126.968446,general,서울특별시 용산구 만리재로 202 (서계동),서울특별시
이태원역,37.534273,126.994789,general,서울특별시 용산구 이태원로 188 (이태원동),서울특별시
한강진역R,37.537131,127.00098,reserve,서울특별시 용산구 이태원로 252 (한남동),서울특별시
용산역써밋R,37.527586,126.965401,reserve,"서울특별시 용산구 한강대로 69 (한강로2가, 용산푸르지오써밋)",서울특별시
이촌,37.518605,126.977271,general,서울특별시 용산구 이촌로 276 (이촌동),서울특별시
신용산역,37.528702,126.966757,general,"서울특별시 용산구 한강대로 95 (한강로2가, 래미안용산)",서울특별시
용산파크타워,37.523818,126.970389,general,"서울특별시 용산구 서빙고로 67 (용산동5가, 파크타워)",서울특별시
남영동,37.542831,126.972242,general,서울특별시 용산구 한강대로 275 (갈월동),서울특별시
한남동R,37.53485,127.010919,reserve,서울특별시 용산구 독서당로 94 (한남동),서울특별시
서울타워,37.551102,126.988317,general,서울특별시 용산구 남산공원길 105 (용산동2가) YTN서울타워 1층,서울특별시
서울역동자동,37.551752,126.972694,general,서울특별시 용산구 한강대로 372 (동자동),서울특별시
순천향입구,37.533394,127.00563,general,서울특별시 용산구 대사관로 67 (한남동),서울특별시
숙대,37.54460479,126.9672252,general,서울특별시 용산구 청파로47길 57 (청파동3가),서울특별시
동빙고,37.52900453,126.9917628,general,서울특별시 용산구 장문로 12 (동빙고동),서울특별시
숙대입구역,37.54422578,126.971957,general,서울특별시 용산구 한강대로 291 (갈월동),서울특별시
용산아이파크몰6F,37.52890681,126.9646345,general,서울특별시 용산구 한강대로23길 55,서울특별시
동부이촌동,37.52111,126.96905,general,서울특별시 용산구 이촌로 198 (이촌동),서울특별시
숙명여대정문,37.54474797,126.964842,general,서울특별시 용산구 청파로47길 100 (청파동2가) 프라임관B1F(로비층),서울특별시
용산해링턴스퀘어,37.52653796,126.9673621,general,서울특별시 용산구 서빙고로 17 (한강로3가),서울특별시
경리단길,37.53854,126.98737,general,서울특별시 용산구 회나무로 3 (이태원동),서울특별시
서울역사,37.554157,126.9717936,general,서울특별시 용산구 한강대로 405 (동자동) 신-101호,서울특별시
용산리첸시아,37.538571,126.967409,general,"서울특별시 용산구 백범로 341 (원효로1가, 리첸시아 용산)",서울특별시
용산전자랜드,37.53286106,126.9610009,general,서울특별시 용산구 청파로 74 (한강로3가),서울특별시
상봉,37.597842,127.092509,general,"서울특별시 중랑구 상봉로 131 (상봉동, 상봉 듀오트리스 주상복합)",서울특별시
중랑역,37.5930326,127.0747358,general,서울특별시 중랑구 망우로30길 3 (상봉동),서울특별시
중랑구청,37.60538908,127.0957558,general,서울특별시 중랑구 신내로 72,서울특별시
사가정역,37.579594,127.087966,general,서울특별시 중랑구 면목로 310,서울특별시
상봉역,37.59689,127.08647,general,서울특별시 중랑구 망우로 307 (상봉동),서울특별시
묵동,37.615368,127.076633,general,"서울특별시 중랑구 동일로 952 (묵동, 로프트원 태릉입구역) 1층",서울특별시
양원역,37.60665363,127.1063598,general,서울특별시 중랑구 양원역로10길 3 (망우동),서울특별시
중화역,37.60170912,127.0784114,general,서울특별시 중랑구 봉화산로 35 1층,서울특별시
김해진영DT,35.30600409,128.7317532,generalDT,경상남도 김해시 진영읍 여래로20번길 34-26 ,경상남도 
신세계김해,35.22848288,128.8730456,general,경상남도 김해시 김해대로 2232 신세계백화점 1층,경상남도 
김해이마트,35.22999743,128.8721359,general,경상남도 김해시 김해대로 2232 김해이마트 1층,경상남도 
김해대로DT,35.227992,128.896545,generalDT,경상남도 김해시 김해대로 2465 ,경상남도 
김해외동DT,35.22962555,128.8629482,generalDT,경상남도 김해시 분성로 146 (외동),경상남도 
김해율하,35.176597,128.812782,general,경상남도 김해시 율하카페길 77 (관동동) 1층,경상남도 
김해삼계,35.261527,128.871614,general,경상남도 김해시 가야로 182 (삼계동),경상남도 
김해내동,35.2371519,128.8675208,general,경상남도 김해시 경원로 67 (내동),경상남도 
서김해IC DT,35.2038772,128.8379706,generalDT,경상남도 김해시 금관대로 820-22 (명법동),경상남도 
김해주촌DT,35.2352833,128.843496,generalDT,경상남도 김해시 주촌면 선천로 99 ,경상남도 
김해가야로DT,35.2409026,128.8843414,generalDT,경상남도 김해시 가야로 450 (동상동),경상남도 
장유대청,35.19048248,128.8014588,general,경상남도 김해시 계동로 213 (대청동),경상남도 
장유율하,35.17158032,128.822641,general,경상남도 김해시 율하6로 67 1층 105호 (장유동),경상남도 
진영신도시,35.3074088,128.7352952,general,경상남도 김해시 진영읍 장등로10번길 1 ,경상남도 
김해율하신도시,35.170945,128.813901,general,경상남도 김해시 율하3로 32 (율하동),경상남도 
김해금관대로DT,35.23987203,128.8609005,generalDT,경상남도 김해시 금관대로 1293 (내동),경상남도 
밀양DT,35.4853274,128.7512487,generalDT,경상남도 밀양시 밀양대로 1792 (삼문동),경상남도 
경남사천DT,35.08098006,128.083555,generalDT,경상남도 사천시 사천읍 사천대로 1844 ,경상남도 
사천벌리,34.9411367,128.0863809,general,경상남도 사천시 주공로 31 (벌리동),경상남도 
진주평거,35.172324,128.060063,general,경상남도 진주시 진양호로 206 BYC빌딩1층,경상남도 
진주칠암DT,35.1749073,128.0929658,generalDT,경상남도 진주시 진주대로829번길 2 (주약동),경상남도 
진주중안,35.1929303,128.0830383,general,경상남도 진주시 진양호로527번길 3 (중안동),경상남도 
진주신안,35.1843723,128.06821,general,경상남도 진주시 진양호로 353 (신안동),경상남도 
진주경상대,35.15241245,128.1057139,general,경상남도 진주시 진주대로 510 (가좌동),경상남도 
진주초전DT,35.197388,128.116032,generalDT,경상남도 진주시 대신로 411 (초전동),경상남도 
진주혁신도시,35.180806,128.143995,general,경상남도 진주시 에나로127번길 30 (충무공동),경상남도 
경상대칠암캠퍼스,35.17852605,128.0936233,general,경상남도 진주시 동진로 22 (칠암동),경상남도 
마산회원DT,35.2206567,128.5744344,generalDT,경상남도 창원시 마산회원구 3·15대로 518 (회원동),경상남도 
창원상남로,35.22125334,128.6812353,general,경상남도 창원시 성산구 상남로 88 (상남동),경상남도 
마산역DT,35.2362004,128.5805449,generalDT,경상남도 창원시 마산회원구 3·15대로 715 (석전동),경상남도 
마산해안대로DT,35.20451032,128.5809559,generalDT,경상남도 창원시 마산합포구 해안대로 383 (오동동),경상남도 
진해자은DT,35.143793,128.706881,generalDT,경상남도 창원시 진해구 진해대로 962 (자은동),경상남도 
창원역DT,35.257066,128.607861,generalDT,경상남도 창원시 의창구 의창대로 68 (팔용동),경상남도 
창원호계DT,35.261507,128.523036,generalDT,경상남도 창원시 마산회원구 내서읍 호원로 315 ,경상남도 
창원마창대교,35.170623,128.597273,general,경상남도 창원시 성산구 삼귀로 159 (귀곡동),경상남도 
삼성창원병원,35.24256504,128.5924601,general,경상남도 창원시 마산회원구 팔용로 158 (합성동),경상남도 
마산터미널,35.2381341,128.58327,general,경상남도 창원시 마산회원구 합성남로 6-1 (합성동),경상남도 
진해용원,35.101122,128.809896,general,경상남도 창원시 진해구 안골로 336 (용원동) 형제빌딩,경상남도 
창원리베라,35.223387,128.680163,general,경상남도 창원시 성산구 중앙대로100번길 9 (상남동),경상남도 
창원상남중앙,35.222756,128.684363,general,경상남도 창원시 성산구 마디미로 20 (상남동),경상남도 
창원상남동R,35.22446767,128.6839546,reserve,경상남도 창원시 성산구 상남로 132 (상남동),경상남도 
신세계마산,35.21936342,128.5867544,general,경상남도 창원시 마산합포구 합포로 251 (산호동) 신세계백화점 내 지하1층,경상남도 
창원시티세븐,35.2401056,128.6535354,general,경상남도 창원시 성산구 원이대로 320 (대원동),경상남도 
경남대,35.178461,128.5586,general,경상남도 창원시 마산합포구 월영남로 3 (해운동),경상남도 
창원용지호수,35.229881,128.68189,general,경상남도 창원시 성산구 용지로169번길 1 (용호동),경상남도 
마산월남동DT,35.18582229,128.5612262,generalDT,경상남도 창원시 마산합포구 3·15대로 70 (월남동2가),경상남도 
마산봉암로DT,35.21881954,128.5993184,generalDT,경상남도 창원시 마산회원구 봉양로 118 (봉암동),경상남도 
진해경화역DT,35.15925054,128.6918206,generalDT,경상남도 창원시 진해구 진해대로 698 (경화동),경상남도 
창원반림,35.23604324,128.6717447,general,경상남도 창원시 성산구 반송로 150 (반림동),경상남도 
창원유니시티,35.25650979,128.6252909,general,경상남도 창원시 의창구 중동중앙로 47 (중동),경상남도 
창원NC파크R,35.22342934,128.582693,reserve,"경상남도 창원시 마산회원구 삼호로 63 (양덕동), 창원NC파크",경상남도 
창원중앙역,35.238753,128.701406,general,경상남도 창원시 의창구 용동로 91 (사림동),경상남도 
진해부산신항,35.08841817,128.8147388,general,경상남도 창원시 진해구 신항동로 121 (용원동) 112호,경상남도 
창원경상대병원,35.1988988,128.7069843,general,경상남도 창원시 성산구 삼정자로 11 (성주동),경상남도 
창원대로DT,35.2095616,128.6836819,generalDT,경상남도 창원시 성산구 성산패총로 182 (가음정동),경상남도 
창원사파,35.22305938,128.7007985,general,"경상남도 창원시 성산구 창이대로689번길 4-4 (사파동) 1,2층",경상남도 
진해장천,35.13083915,128.7035713,general,"경상남도 창원시 진해구 충장로 662 (장천동), [108호, 109호, 110호, 111호]",경상남도 
창원파티마병원,35.23679725,128.6458312,general,경상남도 창원시 의창구 창이대로 45 (명서동),경상남도 
창원내서,35.24903122,128.510681,general,경상남도 창원시 마산회원구 내서읍 광려천서로 81 ,경상남도 
마산진동DT,35.114308,128.482418,generalDT,경상남도 창원시 마산합포구 진동면 삼진의거대로 589-1 ,경상남도 
통영이마트,34.8865975,128.4178953,general,경상남도 통영시 광도면 죽림4로 9 ,경상남도 
통영죽림,34.882242,128.422815,general,경상남도 통영시 광도면 죽림해안로 64-72 ,경상남도 
통영북신DT,34.85475379,128.4281621,generalDT,경상남도 통영시 중앙로 273 (북신동),경상남도 
거제대로DT,34.894667,128.641559,generalDT,경상남도 거제시 거제대로 4521 (수월동),경상남도 
거제고현,34.8907709,128.6221848,general,경상남도 거제시 거제중앙로 1936 (고현동),경상남도 
소노캄거제,34.84384342,128.7023603,general,경상남도 거제시 일운면 거제대로 2660 1층 110호,경상남도 
거제옥포DT,34.88899099,128.6915736,generalDT,경상남도 거제시 거제대로 3718 (옥포동),경상남도 
거제장평,34.892974,128.608744,general,경상남도 거제시 장평3로 43 (장평동),경상남도 
남양산IC DT,35.319987,129.030485,generalDT,경상남도 양산시 동면 양산대로 532,경상남도 
양산증산역,35.30898019,129.0094573,general,경상남도 양산시 물금읍 증산역로 177 ,경상남도 
양산가촌,35.31714691,129.0014987,general,경상남도 양산시 물금읍 야리로 25 ,경상남도 
양산덕계DT,35.37610689,129.155523,generalDT,경상남도 양산시 웅상대로 860 (덕계동),경상남도 
양산터미널,35.3353404,129.02685,general,경상남도 양산시 양산역1길 7 (중부동) 양산시외버스터미널,경상남도 
양산범어,35.32874352,129.0143071,general,경상남도 양산시 물금읍 범어로 62,경상남도 
양산이마트,35.33706607,129.0269016,general,"경상남도 양산시 양산역6길 12, 양산이마트 1층 (중부동)",경상남도 
양산물금DT,35.30753544,128.9864005,generalDT,경상남도 양산시 물금읍 황산로 346 ,경상남도 
양산신기DT,35.35505007,129.0383178,generalDT,경상남도 양산시 양산대로 947 (신기동),경상남도 
영남대아트센터,35.83186414,128.753292,general,경상북도 경산시 대학로 280 (대동) 영남대학교,경상북도 
영남대중앙도서관,35.8331655,128.7580143,general,경상북도 경산시 대학로 280 (조영동) 영남대학교,경상북도 
영남대,35.836968,128.753065,general,"경상북도 경산시 청운로 16, 1~3층 (대동)",경상북도 
대구가톨릭대,35.907786,128.812463,general,경상북도 경산시 하양읍 하양로 18 ,경상북도 
경산이마트,35.83462404,128.7201809,general,경상북도 경산시 옥산로 227 (중산동) 경산이마트,경상북도 
대구대학교,35.89736987,128.8497583,general,경상북도 경산시 진량읍 대구대로 201 ,경상북도 
경산임당역DT,35.83375032,128.7456584,generalDT,경상북도 경산시 대학로 208 (계양동),경상북도 
경산중산,35.8302967,128.7197424,general,"경상북도 경산시 펜타힐즈로 74 (중산동) 109호,110호,111호,112호",경상북도 
경산하양DT,35.904849,128.823882,generalDT,경상북도 경산시 진량읍 대학로 1417 ,경상북도 
경산무학,35.91728236,128.813156,general,경상북도 경산시 하양읍 서사도리9로 21 ,경상북도 
경주보문,35.836607,129.284983,general,경상북도 경주시 보문로 537 (천군동),경상북도 
경주터미널DT,35.838226,129.203324,generalDT,경상북도 경주시 태종로 686 (사정동),경상북도 
경주대릉원,35.8339927,129.2149807,general,경상북도 경주시 첨성로 125 (황남동),경상북도 
경주보문호수DT,35.8532391,129.2686877,generalDT,경상북도 경주시 보문로 132-6 (북군동),경상북도 
경주중앙,35.842119,129.212469,general,경상북도 경주시 원효로 105-1 (노동동),경상북도 
경주보문로DT,35.838831,129.285953,generalDT,"경상북도 경주시 보문로 510-6, 외 1번지(신평동 719-220) (천군동)",경상북도 
경주용강DT,35.86773846,129.2244546,generalDT,경상북도 경주시 산업로 4350 (용강동),경상북도 
경주충효DT,35.84453851,129.1747577,generalDT,경상북도 경주시 태종로 406 (충효동),경상북도 
구미상모DT,36.0823172,128.3563847,generalDT,경상북도 구미시 금오대로 439 (상모동),경상북도 
구미도량DT,36.138474,128.316815,generalDT,경상북도 구미시 야은로 312 (도량동),경상북도 
구미옥계,36.138285,128.419563,general,경상북도 구미시 옥계북로 20 (양포동),경상북도 
구미시청DT,36.1176314,128.3416068,generalDT,경상북도 구미시 송정대로 27 (송정동),경상북도 
구미금오산DT,36.12245,128.323746,generalDT,경상북도 구미시 금오산로 205 (남통동),경상북도 
구미인동,36.10782366,128.4184985,general,"경상북도 구미시 인동가산로 9-3, 노블레스타워 1층 (황상동)",경상북도 
구미공단,36.10177277,128.3858544,general,"경상북도 구미시 1공단로 212, HALLA SIGMA VALLEY 106 (공단동)",경상북도 
구미인의DT,36.095564,128.431144,generalDT,경상북도 구미시 인동북길 149 (인의동),경상북도 
구미광평DT,36.10374,128.36359,generalDT,경상북도 구미시 구미대로 188 (광평동),경상북도 
구미문성DT,36.16082979,128.3430458,generalDT,경상북도 구미시 고아읍 들성로 207 ,경상북도 
구미확장단지,36.1559544,128.4300241,general,경상북도 구미시 산동읍 신당1로4길 19 ,경상북도 
상주무양DT,36.42618534,128.1572021,generalDT,경상북도 상주시 영남제일로 1683 (무양동),경상북도 
영주가흥,36.8229113,128.6102345,general,경상북도 영주시 영주로 90 (가흥동),경상북도 
경북도청대로,36.57473426,128.4854955,general,경상북도 예천군 호명면 수변로 113 ,경상북도 
포항쌍용DT,36.0155,129.352589,generalDT,경상북도 포항시 남구 중흥로 122 (상도동),경상북도 
포항오천,35.9642032,129.4027158,general,경상북도 포항시 남구 오천읍 원동로 15,경상북도 
포항대이,36.025372,129.339307,general,경상북도 포항시 남구 포스코대로 124 (대잠동),경상북도 
포항이마트,35.99122075,129.398508,general,"경상북도 포항시 남구 냉천로 10, 이마트 포항점 1층 (인덕동)",경상북도 
포항시청,36.018247,129.342089,general,경상북도 포항시 남구 시청로 5 (대잠동),경상북도 
포항송도,36.0356471,129.3794457,general,경상북도 포항시 남구 송도해안길 54 (송도동),경상북도 
포항IC DT,36.0354995,129.3330309,generalDT,경상북도 포항시 남구 희망대로 353 (이동),경상북도 
포항세명기독병원,36.017825,129.362026,general,경상북도 포항시 남구 포스코대로 351 (대도동),경상북도 
포항포스코DT,35.9965778,129.387641,generalDT,경상북도 포항시 남구 동해안로6213번길 15-15 (동촌동),경상북도 
김천구미역,36.116366,128.181653,general,경상북도 김천시 혁신3로 26 (율곡동),경상북도 
김천시청DT,36.13260785,128.1176702,generalDT,경상북도 김천시 시청로 47 (대신동),경상북도 
김천부곡DT,36.12816,128.1013,generalDT,경상북도 김천시 시민로 47 (부곡동),경상북도 
안동이마트,36.558505,128.699308,general,경상북도 안동시 옥동1길 2 (옥동),경상북도 
안동병원,36.547024,128.70064,general,경상북도 안동시 앙실로 11 (수상동),경상북도 
안동시청,36.5663574,128.7311385,general,경상북도 안동시 서동문로 173 (삼산동),경상북도 
안동강변DT,36.5622205,128.7398468,generalDT,경상북도 안동시 육사로 327 (법흥동),경상북도 
안동옥동,36.56228943,128.7015363,general,경상북도 안동시 광명로 166 (옥동),경상북도 
영천완산DT,35.9670208,128.9488634,generalDT,경상북도 영천시 영화로 272 (완산동),경상북도 
포항죽도DT,36.018521,129.347918,generalDT,경상북도 포항시 북구 새천년대로 486 699-1 에스오일,경상북도 
포항장성DT,36.074535,129.384214,generalDT,경상북도 포항시 북구 새천년대로 1255 (장성동),경상북도 
포항양덕,36.0815505,129.3981614,general,경상북도 포항시 북구 장량로 162 (양덕동),경상북도 
포항중앙,36.038713,129.364099,general,경상북도 포항시 북구 불종로 41 (신흥동),경상북도 
포항영일대비치,36.0549919,129.3769806,general,경상북도 포항시 북구 삼호로 186 (항구동),경상북도 
포항법원DT,36.088505,129.385016,generalDT,경상북도 포항시 북구 신덕로 287 (장성동),경상북도 
포항화진해수욕장,36.25155249,129.3733477,general,경상북도 포항시 북구 송라면 동해대로3218번길 40 (송라면),경상북도 
포항중앙로DT,36.030707,129.366266,generalDT,경상북도 포항시 북구 중앙로 197 (죽도동),경상북도 
포항초곡DT,36.09407365,129.3431827,generalDT,경상북도 포항시 북구 흥해읍 동해대로 1354 ,경상북도 
포항두호DT,36.0610094,129.370226,generalDT,경상북도 포항시 북구 새천년대로 1031 (창포동),경상북도 
광양LF,34.963281,127.566205,general,전라남도 광양시 광양읍 순광로 466 ,전라남도 
광양마동DT,34.94026921,127.7057147,generalDT,전라남도 광양시 백운로 1267 (마동),전라남도 
목포터미널DT,34.8101683,126.4169697,generalDT,전라남도 목포시 영산로 495 (상동),전라남도 
목포하당,34.803958,126.419806,general,전라남도 목포시 백년대로 293 (상동),전라남도 
목포북항DT,34.8086337,126.3732658,generalDT,전라남도 목포시 고하대로 694 (산정동),전라남도 
목포옥암,34.807386,126.4272671,general,전라남도 목포시 백년대로375번길 1 (옥암동),전라남도 
목포평화광장,34.796986,126.43495,general,전라남도 목포시 미항로 137 (상동),전라남도 
목포이마트,34.811595,126.425164,general,전라남도 목포시 옥암로 138 (옥암동),전라남도 
목포용해DT,34.8221766,126.3941505,generalDT,전라남도 목포시 대양로 133 (용해동),전라남도 
목포남악,34.8131423,126.4617254,general,전라남도 무안군 남악3로82번길 11,전라남도 
전남도청DT,34.81027154,126.4606025,generalDT,전라남도 무안군 삼향읍 남악3로 54,전라남도 
순천연향,34.952252,127.518725,general,전라남도 순천시 연향번영길 118 (연향동),전라남도 
순천신대,34.93347202,127.5502423,general,전라남도 순천시 해룡면 향매로 99 ,전라남도 
순천호수공원,34.968146,127.523261,general,전라남도 순천시 왕지2길 17 (왕지동),전라남도 
순천조례,34.97198853,127.5209582,general,전라남도 순천시 비봉2길 9 (조례동),전라남도 
순천용당DT,34.9801606,127.485398,generalDT,전라남도 순천시 중앙로 398 (가곡동),전라남도 
순천팔마DT,34.9351333,127.5216868,generalDT,전라남도 순천시 백강로 23 (연향동),전라남도 
순천이마트,34.94256424,127.5084517,general,전라남도 순천시 팔마로 191 (덕암동),전라남도 
순천오천,34.93713779,127.4953955,general,전라남도 순천시 순천만정원로 86 (풍덕동),전라남도 
여수해양공원,34.738437,127.744285,general,전라남도 여수시 이순신광장로 192 (종화동),전라남도 
여수학동DT,34.76151,127.660968,generalDT,전라남도 여수시 도원로 271 (학동),전라남도 
여수웅천,34.746166,127.671046,general,전라남도 여수시 예울마루로 37-53 (웅천동),전라남도 
여수둔덕DT,34.768947,127.697469,generalDT,전라남도 여수시 좌수영로 482 (둔덕동),전라남도 
여수여서,34.752883,127.704195,general,전라남도 여수시 여문1로 49 (여서동),전라남도 
여수여천,34.75984,127.667034,general,전라남도 여수시 망마로 39 (학동),전라남도 
더여수돌산DT,34.727515,127.743784,generalDT,전라남도 여수시 돌산읍 돌산로 3549 ,전라남도 
여수신월DT,34.72469427,127.7088707,generalDT,전라남도 여수시 신월로 567 (신월동),전라남도 
여수마리나,34.74037053,127.677847,general,전라남도 여수시 웅천로 134 (웅천동),전라남도 
전남화순DT,35.06852657,126.9887666,generalDT,전라남도 화순군 화순읍 서양로 478 ,전라남도 
전남나주,35.022514,126.788058,general,전라남도 나주시 상야1길 21 (빛가람동),전라남도 
나주혁신DT,35.0212716,126.8030452,generalDT,전라남도 나주시 빛가람로 838 (빛가람동),전라남도 
전북남원DT,35.4038734,127.38288,generalDT,전라북도 남원시 요천로 1477 (쌍교동),전라북도 
익산모현,35.948353,126.942392,general,전라북도 익산시 선화로 106 (모현동1가),전라북도 
익산영등DT,35.959316,126.968766,generalDT,전라북도 익산시 무왕로 1005 (영등동),전라북도 
익산영등,35.958206,126.973766,general,전라북도 익산시 무왕로 1052 (영등동),전라북도 
익산어양,35.96454687,126.9802282,general,전라북도 익산시 하나로 495 (영등동),전라북도 
익산동산DT,35.92895801,126.9583742,generalDT,전라북도 익산시 평동로 722 (동산동),전라북도 
전주송천DT,35.867469,127.121929,generalDT,전라북도 전주시 덕진구 송천중앙로 228 (송천동2가),전라북도 
전북대병원DT,35.84163023,127.137024,generalDT,전라북도 전주시 덕진구 백제대로 616 (금암동),전라북도 
전주혁신도시,35.83811,127.059364,general,전라북도 전주시 덕진구 기지로 68 (중동),전라북도 
전주덕진광장DT,35.842878,127.124205,generalDT,전라북도 전주시 덕진구 기린대로 491 (덕진동1가),전라북도 
전북대,35.8429149,127.1268229,general,전라북도 전주시 덕진구 명륜4길 12 (덕진동1가),전라북도 
전주에코DT,35.88221906,127.1319004,generalDT,전라북도 전주시 덕진구 백석로 170 (전미동1가),전라북도 
전주에코시티,35.87308043,127.1245893,general,전라북도 전주시 덕진구 세병2길 10 (송천동2가),전라북도 
전주인후DT,35.82574497,127.1644475,generalDT,전라북도 전주시 덕진구 아중로 135 (인후동1가),전라북도 
전주호성DT,35.86362915,127.1507938,generalDT,전라북도 전주시 덕진구 동부대로 860 (호성동1가),전라북도 
전주만성DT,35.83661241,127.0778154,generalDT,전라북도 전주시 덕진구 정여립로 972 (만성동),전라북도 
전주IC DT,35.86801835,127.0744473,generalDT,전라북도 전주시 덕진구 기린대로 1022 (여의동),전라북도 
전주아중DT,35.82822967,127.1731612,generalDT,전라북도 전주시 덕진구 아중로 220 (우아동1가),전라북도 
전주시청,35.82567793,127.1466052,general,전라북도 전주시 완산구 기린대로 213 (서노송동),전라북도 
전주평화DT,35.788482,127.131075,generalDT,전라북도 전주시 완산구 모악로 4696 (평화동2가),전라북도 
전주백제대로DT,35.814654,127.123414,generalDT,전라북도 전주시 완산구 백제대로 242 (중화산동2가),전라북도 
전주효자DT,35.80555023,127.1111529,generalDT,전라북도 전주시 완산구 용머리로 7 (효자동1가),전라북도 
전주서신,35.8345971,127.1161323,general,전라북도 전주시 완산구 서신로 104 (서신동),전라북도 
전주홍산로,35.81481963,127.1062473,general,전라북도 전주시 완산구 홍산로 238 (효자동2가),전라북도 
전주한옥마을,35.81345219,127.1485578,reserve,전라북도 전주시 완산구 팔달로 123 (전동),전라북도 
전북도청,35.81562811,127.1092167,general,전라북도 전주시 완산구 홍산중앙로 22 (효자동3가),전라북도 
전주경원,35.819775,127.144494,general,전라북도 전주시 완산구 전주객사4길 44-18 (고사동),전라북도 
전주신시가지,35.817258,127.101759,general,전라북도 전주시 완산구 우전로 255 (효자동2가),전라북도 
전주이마트,35.83232,127.12023,general,전라북도 전주시 완산구 당산로 111 (서신동),전라북도 
전주효천DT,35.8007885,127.0993062,generalDT,전라북도 전주시 완산구 천잠로 149 (효자동2가),전라북도 
전북정읍DT,35.57051068,126.8518672,generalDT,전라북도 정읍시 충정로 271 (수성동),전라북도 
군산나운DT,35.962771,126.695586,generalDT,전라북도 군산시 하나운안2길 4 (나운동),전라북도 
군산수송,35.964213,126.717207,general,전라북도 군산시 수송로 195 (수송동),전라북도 
군산대,35.945739,126.685965,general,전라북도 군산시 황룡로 7 (미룡동),전라북도 
군산이마트,35.98267705,126.7349515,general,전라북도 군산시 구암3.1로 137 (경암동),전라북도 
군산조촌DT,35.96695745,126.7346272,generalDT,전라북도 군산시 번영로 133 (조촌동),전라북도 
군산수송DT,35.95883667,126.7146301,generalDT,전라북도 군산시 공단대로 243 (수송동),전라북도 
공주신관,36.474648,127.14003,general,충청남도 공주시 번영1로 113 (신관동),충청남도 
공주DT,36.46815,127.14274,generalDT,충청남도 공주시 무령로 467 (신관동),충청남도 
논산중앙,36.2012496,127.0899058,general,충청남도 논산시 중앙로398번길 13-10,충청남도 
논산내동DT,36.18212516,127.0997933,generalDT,충청남도 논산시 시민로 165 (내동),충청남도 
충남보령DT,36.34108937,126.5892327,generalDT,충청남도 보령시 대해로 101 (궁촌동),충청남도 
대천해수욕장,36.31489291,126.5121164,generalWT,충청남도 보령시 머드로 114 (신흑동),충청남도 
충남부여DT,36.28403924,126.9221799,generalDT,충청남도 부여군 부여읍 성왕로 317 ,충청남도 
서산예천DT,36.771727,126.440171,generalDT,충청남도 서산시 나무장1길 22 (예천동),충청남도 
서산호수,36.776653,126.448646,general,"충청남도 서산시 호수공원2로 33, 1~2층 (읍내동)",충청남도 
서산석남DT,36.76484773,126.4531339,generalDT,충청남도 서산시 남부순환로 994 (석남동),충청남도 
천안신부,36.819309,127.157715,general,충청남도 천안시 동남구 만남로 43 (신부동) 아라리오갤러리,충청남도 
천안청당,36.78575221,127.1575551,general,충청남도 천안시 동남구 청수14로 102 (청당동),충청남도 
천안안서,36.830087,127.179779,general,충청남도 천안시 동남구 안서3길 3 (안서동),충청남도 
천안IC DT,36.82025,127.1615,generalDT,충청남도 천안시 동남구 신부15길 3 (신부동),충청남도 
천안원성DT,36.80401082,127.1585083,generalDT,충청남도 천안시 동남구 충절로 168 (원성동),충청남도 
신세계천안아산,36.82028849,127.1569331,general,충청남도 천안시 동남구 만남로 43 (신부동) B관 4층,충청남도 
천안청당신도시,36.78137668,127.1528523,general,충청남도 천안시 동남구 남부대로 322 1동 1층,충청남도 
천안대로DT,36.795121,127.164257,generalDT,충청남도 천안시 동남구 천안대로 527 (구성동),충청남도 
천안서북이마트,36.838876,127.122399,general,충청남도 천안시 서북구 삼성대로 20 (백석동),충청남도 
천안백석,36.823793,127.121751,general,충청남도 천안시 서북구 백석로 85-4 (백석동),충청남도 
천안불당DT,36.805399,127.10609,generalDT,충청남도 천안시 서북구 불당34길 4 (불당동),충청남도 
천안서부대로DT,36.80368028,127.1269896,generalDT,충청남도 천안시 서북구 서부대로 405 (쌍용동),충청남도 
천안두정역DT,36.83287888,127.1463156,generalDT,충청남도 천안시 서북구 두정로 264 (두정동),충청남도 
천안시청,36.8165367,127.1065647,general,충청남도 천안시 서북구 불당22대로 67 (불당동),충청남도 
천안쌍용역,36.793123,127.12223,general,충청남도 천안시 서북구 충무로 133 (쌍용동),충청남도 
천안신불당,36.812323,127.108287,general,충청남도 천안시 서북구 불당33길 24 (불당동),충청남도 
천안성정DT,36.8253941,127.1403512,generalDT,충청남도 천안시 서북구 동서대로 154 (성정동),충청남도 
천안불당,36.8100104,127.1109606,general,충청남도 천안시 서북구 불당4로 91 (불당동),충청남도 
천안두정,36.833981,127.134838,general,충청남도 천안시 서북구 부성4길 3 (부성1동),충청남도 
천안이마트,36.79603063,127.1272596,general,충청남도 천안시 서북구 충무로 187 (쌍용동) 천안이마트 1층,충청남도 
천안불당신도시,36.82042222,127.1096579,general,충청남도 천안시 서북구 불당23로 73-27 (불당동),충청남도 
천안업성레이크,36.84553542,127.1381311,general,충청남도 천안시 서북구 업성수변로 69 (성성동),충청남도 
갤러리아센터시티,36.80045871,127.104689,general,"충청남도 천안시 서북구 공원로 227 (불당동), 갤러리아 센터시티, 8F",충청남도 
천안번영로DT,36.85092546,127.1246069,generalDT,충청남도 천안시 서북구 번영로 579-1 (성성동),충청남도 
충남홍성DT,36.60962363,126.6635747,generalDT,충청남도 홍성군 홍성읍 도청대로 58 ,충청남도 
충남도청,36.65704507,126.6814394,general,충청남도 홍성군 홍북읍 청사로150번길 24 ,충청남도 
계룡대로DT,36.28846475,127.2444082,generalDT,충청남도 계룡시 엄사면 번영로 6 ,충청남도 
계룡대실DT,36.26826502,127.2596001,generalDT,충청남도 계룡시 계룡대로 239 (금암동),충청남도 
당진시곡DT,36.903029,126.683873,generalDT,충청남도 당진시 서해로 6283 (시곡동),충청남도 
당진문예의전당,36.891205,126.638986,general,충청남도 당진시 시청1로 78 (읍내동) 1층,충청남도 
당진시청,36.88800416,126.6471656,general,"충청남도 당진시 시청2로 49-30 (수청동)  102,103,104,105호",충청남도 
아산방축DT,36.78365067,126.9926993,generalDT,충청남도 아산시 온천대로 1392 (방축동),충청남도 
아산배방,36.77484658,127.0539056,general,충청남도 아산시 배방읍 배방로 22 ,충청남도 
아산탕정,36.798663,127.058333,general,충청남도 아산시 탕정면 탕정면로 10 ,충청남도 
아산용화,36.774397,127.008545,general,충청남도 아산시 어의정로 117 (용화동),충청남도 
아산권곡,36.78847547,127.0159538,general,충청남도 아산시 문화로 271-6 (권곡동) 101~105호,충청남도 
아산탕정역,36.78703554,127.0837706,general,"충청남도 아산시 탕정면 한들물빛도시로 88 거산타워 104,105,106,107,111호",충청남도 
아산모종,36.77630016,127.0284252,general,충청남도 아산시 온천대로 1721 (모종동) 아산축산농협 1층,충청남도 
천안아산역,36.79744967,127.1057624,general,충청남도 아산시 배방읍 고속철대로 147 101~105호,충청남도 
청주용암DT,36.60750932,127.5039471,generalDT,충청북도 청주시 상당구 1순환로 1243 (용암동),충청북도 
청주용담DT,36.634172,127.50511,generalDT,충청북도 청주시 상당구 산성로 129 (용담동),충청북도 
청주서문,36.635373,127.486041,general,충청북도 청주시 상당구 무심동로392번길 20 (서문동),충청북도 
충북도청,36.63427,127.491049,general,충청북도 청주시 상당구 상당로 66 (문화동),충청북도 
청주동남,36.6154896,127.5164368,general,충청북도 청주시 상당구 중고개로141번길 13-16 (용암동),충청북도 
충주호암DT,36.95905736,127.9237321,generalDT,충청북도 충주시 중원대로 3245 (호암동),충청북도 
충주시청DT,36.9900658,127.9287563,generalDT,충청북도 충주시 국원대로 208-1 (금릉동),충청북도 
충주터미널,36.980662,127.915191,general,충청북도 충주시 봉계13길 2 (봉방동),충청북도 
충주연수,36.982721,127.939889,general,충청북도 충주시 계명대로 227 (연수동),충청북도 
충주교현DT,36.96695568,127.9473864,generalDT,충청북도 충주시 금봉대로 358 (교현동),충청북도 
충북혁신도시,36.90871392,127.542941,general,충청북도 음성군 맹동면 원중로 1416 ,충청북도 
제천DT,37.143691,128.213266,generalDT,충청북도 제천시 의림대로 181 (중앙로2가),충청북도 
제천하소DT,37.13585471,128.1991819,generalDT,충청북도 제천시 용두대로 55 (하소동),충청북도 
제천장락DT,37.149567,128.2264315,generalDT,충청북도 제천시 내토로 824 (장락동),충청북도 
청주비하DT,36.63846427,127.4223379,generalDT,충청북도 청주시 흥덕구 2순환로 1078 (비하동),충청북도 
청주오송,36.629803,127.3332625,general,충청북도 청주시 흥덕구 오송읍 오송생명로 222 ,충청북도 
청주봉명DT,36.64676761,127.4645612,generalDT,충청북도 청주시 흥덕구 1순환로 514 (봉명동),충청북도 
청주강서,36.62539078,127.4296129,general,충청북도 청주시 흥덕구 강서로 121 (강서동),충청북도 
청주지웰시티,36.64365728,127.42702,general,충청북도 청주시 흥덕구 대농로 43 (복대동) 신영지웰시티 1차 상업시설,충청북도 
현대충청,36.644407,127.426305,general,충청북도 청주시 흥덕구 직지대로 308 (복대동),충청북도 
청주터미널,36.62636762,127.4324251,general,충청북도 청주시 흥덕구 풍산로 15 (가경동),충청북도 
오송바이오산업단지,36.63261944,127.3272358,general,충청북도 청주시 흥덕구 오송읍 오송생명로 159 오송생명로 159,충청북도 
청주서현,36.61781159,127.4292473,general,"충청북도 청주시 흥덕구 서현로 60 (가경동) 121호,122호,123호,124호",충청북도 
청주복대지웰,36.64158045,127.4281994,general,충청북도 청주시 흥덕구 대농로 52 (복대동),충청북도 
오송파라곤,36.61982361,127.3152298,general,"충청북도 청주시 흥덕구 오송읍 오송생명7로 136 오송생명7로 136 103호,104호",충청북도 
청주이마트,36.6011458,127.4746811,general,충청북도 청주시 서원구 청남로 1853 (미평동),충청북도 
청주사직DT,36.63590623,127.4811561,generalDT,충청북도 청주시 서원구 사직대로 302 (사직동),충청북도 
청주성화,36.6176114,127.4460855,general,충청북도 청주시 서원구 복대로 5 (개신동),충청북도 
충북대,36.633965,127.459715,general,충청북도 청주시 서원구 내수동로 113 (사창동),충청북도 
충북대학교병원,36.62393852,127.4614001,general,충청북도 청주시 서원구 1순환로 776 (개신동),충청북도 
청주분평DT,36.605664,127.494821,generalDT,충청북도 청주시 서원구 1순환로 1154 (분평동),충청북도 
충북대캠퍼스,36.62759477,127.4585067,general,"충청북도 청주시 서원구 충대로 1 (개신동, 충북대학교) 제1학생회관 1층",충청북도 
오창호수공원,36.712751,127.427283,general,"충청북도 청주시 청원구 오창읍 중심상업1로 20 101,102,103,104호",충청북도 
청주율량DT,36.66623,127.493207,generalDT,충청북도 청주시 청원구 충청대로107번길 8 (율량동),충청북도 
오창과학단지,36.716466,127.423272,general,충청북도 청주시 청원구 오창읍 과학산업2로 385 ,충청북도 
청주주성,36.671428,127.496933,general,충청북도 청주시 청원구 주성로279번길 27-19 (주성동),충청북도 
오창2산단,36.73207273,127.4497708,general,충청북도 청주시 청원구 오창읍 2산단로 114 오창읍 2산단로 114,충청북도 
충북혁신덕산,36.899775,127.529365,general,충청북도 진천군 덕산읍 연미1길 11 ,충청북도 
제주에듀시티,33.291788,126.284407,general,제주특별자치도 서귀포시 대정읍 에듀시티로 36 ,제주특별자치도
제주성산DT,33.449718,126.9207013,generalDT,제주특별자치도 서귀포시 성산읍 일출로 80 ,제주특별자치도
제주중문DT,33.2549983,126.4159059,generalDT,제주특별자치도 서귀포시 천제연로 95(색달동),제주특별자치도
제주송악산,33.206799,126.290035,general,제주특별자치도 서귀포시 대정읍 형제해안로 322,제주특별자치도
서귀포DT,33.2492775,126.5065229,generalDT,제주특별자치도 서귀포시 일주서로 11 (강정동),제주특별자치도
성산일출봉,33.462865,126.935544,general,"제주특별자치도 서귀포시 성산읍 일출로 284-5 1,2층",제주특별자치도
제주중문,33.251128,126.412752,general,제주특별자치도 서귀포시 중문관광로110번길 32 (색달동),제주특별자치도
서귀포올레,33.24830246,126.5637776,general,제주특별자치도 서귀포시 중정로 69 (서귀동),제주특별자치도
제주모슬포DT,33.2272873,126.2578882,generalDT,제주특별자치도 서귀포시 대정읍 일주서로 2549 ,제주특별자치도
제주서귀포남원DT,33.2828825,126.718877,generalDT,제주특별자치도 서귀포시 남원읍 일주동로 7129 ,제주특별자치도
제주도남DT,33.4803417,126.5235565,generalDT,제주특별자치도 제주시 연북로 394 (도남동),제주특별자치도
제주협재,33.393839,126.24049,general,제주특별자치도 제주시 한림읍 한림로 337 ,제주특별자치도
제주외도DT,33.49233289,126.4270663,generalDT,제주특별자치도 제주시 일주서로 7300 (외도일동),제주특별자치도
제주삼화DT,33.5117687,126.5804734,generalDT,제주특별자치도 제주시 연삼로 884 (도련일동),제주특별자치도
제주시청,33.500516,126.529711,general,제주특별자치도 제주시 중앙로 215 (이도이동),제주특별자치도
제주함덕,33.542511,126.668567,general,제주특별자치도 제주시 조천읍 조함해안로 522 ,제주특별자치도
제주애월DT,33.47278,126.348739,generalDT,제주특별자치도 제주시 애월읍 애월해안로 376 ,제주특별자치도
제주칠성,33.513349,126.5252435,general,제주특별자치도 제주시 관덕로 55 (일도일동),제주특별자치도
제주노형,33.4878111,126.4818612,general,제주특별자치도 제주시 도령로 27 (노형동),제주특별자치도
제주용담DT,33.512345,126.484564,generalDT,제주특별자치도 제주시 서해안로 380 (용담삼동) 화이트하우스,제주특별자치도
신제주이마트,33.4847893,126.4803463,general,"제주특별자치도 제주시 1100로 3348, 신제주이마트 1층 (노형동)",제주특별자치도
제주세화DT,33.5229969,126.8530933,generalDT,제주특별자치도 제주시 구좌읍 일주동로 3121 ,제주특별자치도
제주노형로,33.48344101,126.4761594,general,제주특별자치도 제주시 노형로 376 (노형동),제주특별자치도
제주노형DT,33.49084999,126.4742784,generalDT,제주특별자치도 제주시 월랑로 68 (노형동),제주특별자치도
제주한라수목원DT,33.46902001,126.4845856,generalDT,제주특별자치도 제주시 수목원서길 3-5 (노형동),제주특별자치도
제주서해안로DT,33.5167857,126.5035553,generalDT,제주특별자치도 제주시 서해안로 624 (용담삼동),제주특별자치도
제주일도DT,33.5073284,126.540898,generalDT,제주특별자치도 제주시 동광로 130 (일도이동),제주특별자치도
제주공항DT,33.5005664,126.5054842,generalDT,제주특별자치도 제주시 월성로 42 (용담이동),제주특별자치도
제주한담해변DT,33.4581829,126.31123,generalDT,제주특별자치도 제주시 애월읍 일주서로 6142 ,제주특별자치도
더제주송당파크R,33.4354457,126.7313926,reserve,제주특별자치도 제주시 구좌읍 비자림로 1189 ,제주특별자치도
제주평화로DT,33.46329278,126.4509979,generalDT,제주특별자치도 제주시 노형로 37 (해안동),제주특별자치도
세종보람,36.47733222,127.2865194,general,"세종특별자치시 한누리대로 2165 (보람동) A118,119,120,121,128,129,130,131",세종특별자치시
세종새롬,36.48646699,127.2508516,general,세종특별자치시  새롬중앙로 64 (새롬동),세종특별자치시
세종어진R,36.50823507,127.2610466,reserve,세종특별자치시  한누리대로 499 (어진동),세종특별자치시
세종종촌,36.5041123,127.2493812,general,세종특별자치시  도움3로 105-10 (종촌동) 성운프라자,세종특별자치시
세종첫마을,36.48018079,127.2616332,general,세종특별자치시  한누리대로 169 행복타워 1층,세종특별자치시
세종이마트,36.47101163,127.2510807,general,세종특별자치시 금송로 687(가람동 406) 이마트 세종점,세종특별자치시
세종청사,36.50451095,127.2701985,general,세종특별자치시  도움8로 81 (어진동),세종특별자치시
세종아름,36.51163538,127.2425713,general,"세종특별자치시 아름서1길 13-9 (아름동) 103,104,105,202,203호",세종특별자치시
세종반곡,36.49785626,127.3100474,general,세종특별자치시 한누리대로 1844 (반곡동),세종특별자치시
세종한솔,36.48008127,127.2534645,general,세종특별자치시 노을3로 101 (한솔동),세종특별자치시
세종소담,36.485755,127.300509,general,"세종특별자치시 소담3로 8 (소담동) 1동  12호,13호,14호,15호,15a호,16호",세종특별자치시
세종금강DT,36.47605369,127.2774976,generalDT,세종특별자치시 시청대로 45 (대평동),세종특별자치시
세종충남대학교병원,36.51867209,127.2571741,general,세종특별자치시 보듬7로 20 (도담동) 헬스케어센터 1층,세종특별자치시
가평설악IC DT,37.67905252,127.4863818,generalDT,경기도 가평군 설악면 신선봉로 14 ,경기도
남이섬,37.806624,127.52527,general,경기도 가평군 가평읍 북한강변로 1054 북한강변로 1054,경기도
소노캄고양,37.66285544,126.7505132,general,경기도 고양시 일산동구 태극로 18 (장항동),경기도
일산애니골DT,37.6748745,126.7936439,generalDT,경기도 고양시 일산동구 무궁화로 294 (풍동),경기도
동국대일산병원,37.67645946,126.8064857,general,경기도 고양시 일산동구 동국로 27 (식사동),경기도
일산풍동DT,37.662091,126.8009,generalDT,경기도 고양시 일산동구 백마로 475 (풍동),경기도
백석중앙로,37.6411,126.790987,general,경기도 고양시 일산동구 강송로 33 (백석동),경기도
일산식사,37.67817354,126.8120387,general,경기도 고양시 일산동구 위시티2로11번길 31 (식사동),경기도
풍산이마트,37.673769,126.786883,general,경기도 고양시 일산동구 무궁화로 237 (중산동),경기도
백석역DT,37.6439377,126.7873856,generalDT,"경기도 고양시 일산동구 중앙로 1054, 1층 (백석동)",경기도
백석,37.643888,126.786153,general,경기도 고양시 일산동구 중앙로 1059 (백석동),경기도
라페스타광장,37.659671,126.770161,general,경기도 고양시 일산동구 중앙로1275번길 38-9 (장항동),경기도
일산백마,37.6570742,126.7880695,general,경기도 고양시 일산동구 일산로 237 (마두동),경기도
웨스턴돔B,37.6544052,126.7733024,general,경기도 고양시 일산동구 정발산로 24 (장항동),경기도
마두역,37.652965,126.776768,general,경기도 고양시 일산동구 중앙로 1191 (장항동),경기도
일산동구청,37.65665,126.772598,general,경기도 고양시 일산동구 정발산로 38 (장항동),경기도
고양대로DT,37.677601,126.7961618,generalDT,경기도 고양시 일산동구 고양대로 910 (풍동),경기도
일산하늘마을,37.67756848,126.782397,general,경기도 고양시 일산동구 중산로 61 (중산동),경기도
과천DT,37.43929087,126.9938133,generalDT,경기도 과천시 중앙로 277 (중앙동),경기도
과천이마트,37.42649405,126.9916396,general,경기도 과천시 별양상가3로 11 이마트 1층(별양동),경기도
과천,37.42821045,126.9910151,general,"경기도 과천시 중앙로 129, 고려빌딩 1층 (중앙동)",경기도
과천지식정보타운,37.41353606,126.9803027,general,경기도 과천시 과천대로7길 12 (갈현동),경기도
광명하안대로,37.4616837,126.8783697,general,경기도 광명시 범안로 1036 (하안동),경기도
철산역,37.47642664,126.8677946,general,경기도 광명시 철산로 15 (철산동),경기도
광명역,37.41674052,126.8820088,general,"경기도 광명시 양지로 16 (일직동, 광명역써밋플레이스)",경기도
광명소하DT,37.43483918,126.8792686,generalDT,경기도 광명시 오리로 363 (소하동),경기도
광명소하,37.44866,126.883959,general,경기도 광명시 금하로 464 (소하동),경기도
광명사거리역,37.479895,126.854325,general,경기도 광명시 광명로 907 (광명동),경기도
철산로데오,37.4739663,126.8693507,general,경기도 광명시 디지털로 17 (철산1동) 가림빌딩,경기도
광명하안,37.462605,126.880577,general,경기도 광명시 범안로 1060 (하안동),경기도
광명철산,37.475304,126.866126,general,경기도 광명시 오리로 865 (철산동),경기도
광명AK,37.41883196,126.8831013,general,"경기도 광명시 양지로 17 (일직동), 1층 일부",경기도
광명롯데몰,37.42311337,126.8846989,general,경기도 광명시 일직로 17 (일직동) 롯데아울렛 1층,경기도
경기광주쌍령DT,37.3987506,127.2733178,generalDT,경기도 광주시 경충대로 1445 (쌍령동),경기도
경기광주신현DT,37.36005,127.153125,generalDT,경기도 광주시 오포읍 태재로 37 ,경기도
경기광주송정DT,37.416384,127.27257,generalDT,경기도 광주시 경안천로 118 (송정동),경기도
경기광주,37.4097851,127.2602128,general,경기도 광주시 광주대로 35 (경안동),경기도
경기광주초월역DT,37.374402,127.298258,generalDT,경기도 광주시 초월읍 경충대로 1084 ,경기도
경기광주IC DT,37.40568103,127.2312381,generalDT,경기도 광주시 경충대로 1879 (장지동),경기도
곤지암IC DT,37.355682,127.325248,generalDT,경기도 광주시 곤지암읍 경충대로 765 경충대로 765,경기도
경기광주태전,37.38253436,127.2331608,general,경기도 광주시 태전중앙2길 21 (태전동),경기도
구리갈매역,37.633967,127.115944,general,"경기도 구리시 경춘북로 252 (갈매동, 갈매역아이파크)",경기도
구리돌다리,37.600585,127.141922,general,"경기도 구리시 검배로 5, 우진빌딩 (수택동)",경기도
구리갈매DT,37.63237,127.1226,generalDT,경기도 구리시 갈매순환로 148 (갈매동) 1-2층,경기도
구리장자호수,37.587252,127.139874,general,경기도 구리시 장자대로 84 (수택동),경기도
구리인창DT,37.60568,127.13928,generalDT,경기도 구리시 건원대로 53 (인창동),경기도
구리수택,37.588465,127.138136,general,"경기도 구리시 체육관로 44 (수택동)1-2층 , 옥외공간",경기도
구리토평DT,37.584632,127.147385,generalDT,경기도 구리시 벌말로 88 (토평동),경기도
산본사거리,37.372658,126.935735,general,경기도 군포시 고산로701 ,경기도
산본,37.36061352,126.9317436,general,경기도 군포시 산본로343번길 9 (산본동) 1층,경기도
산본역,37.3584131,126.9321916,general,"경기도 군포시 번영로 497, 금화프라자 1층 (산본동)",경기도
산본동,37.365491,126.929426,general,"경기도 군포시 산본로 398, 태주빌딩 2층",경기도
금정AK,37.37227911,126.9448627,general,"경기도 군포시 엘에스로 143 (금정동, 힐스테이트 금정역), AK플라자 4층 일부",경기도
산본역서부사거리,37.3578053,126.9306689,general,경기도 군포시 번영로 485 (산본동) 롯데피트인 산본 1층 일부,경기도
다산지금,37.6005424,127.174302,general,경기도 남양주시 다산지금로 139 (다산동),경기도
남양주연평DT,37.71152699,127.1855278,generalDT,경기도 남양주시 진접읍 해밀예당1로 27 ,경기도
다산진건,37.624813,127.152582,general,경기도 남양주시 다산중앙로123번길 22-26 (다산동) 123호~128호,경기도
도농역,37.611129,127.164199,general,경기도 남양주시 미금로 239 (다산동),경기도
남양주진접DT,37.72288064,127.1902974,generalDT,경기도 남양주시 진접읍 금강로 1477 ,경기도
리버사이드팔당DT,37.567114,127.228362,generalDT,경기도 남양주시 와부읍 경강로 772 ,경기도
별내불암로,37.650317,127.112364,general,경기도 남양주시 별내5로5번길 15 (별내동),경기도
평내DT,37.6477605,127.2346938,generalDT,경기도 남양주시 경춘로 1269,경기도
별내,37.6479682,127.1233987,general,경기도 남양주시 별내중앙로 64 1-2층,경기도
평내호평역,37.6540359,127.2428799,general,"경기도 남양주시 늘을1로16번길 25, 성보빌딩 (호평동)",경기도
더북한강R,37.61247933,127.3420212,reserve,경기도 남양주시 화도읍 북한강로 1098 ,경기도
남양주화도DT,37.6389955,127.3033633,generalDT,경기도 남양주시 화도읍 수레로 1137 1~2층,경기도
다산DT,37.61424,127.15537,generalDT,경기도 남양주시 다산중앙로 19번길5 (다산동),경기도
남양주묵현DT,37.6631,127.30263,generalDT,경기도 남양주시 화도읍 비룡로 122 ,경기도
다산이마트,37.60868,127.15842,general,"경기도 남양주시 도농로 24 (다산동, 부영애시앙)",경기도
별내별가람역,37.6680038,127.116959,general,경기도 남양주시 덕송2로 62 (별내동),경기도
남양주삼패,37.59187625,127.1995623,general,경기도 남양주시 경강로 384 (삼패동)1-2층 옥탑,경기도
남양주행정타운,37.6107558,127.1681919,general,경기도 남양주시 경춘로 498 (다산동),경기도
판교유스페이스,37.40127,127.107533,general,경기도 성남시 분당구 대왕판교로 660 (삼평동),경기도
판교알파돔타워,37.3941783,127.1106448,general,경기도 성남시 분당구 판교역로 152 (백현동),경기도
판교아비뉴프랑R,37.3972109,127.1133924,reserve,"경기도 성남시 분당구 동판교로177번길 25 (삼평동, 판교 호반 써밋 플레이스)",경기도
야탑터미널,37.413494,127.128425,general,경기도 성남시 분당구 성남대로925번길 16 (야탑동),경기도
분당이매,37.39504,127.122363,general,경기도 성남시 분당구 이매로 15 (이매동),경기도
분당율동공원,37.38385,127.149963,general,경기도 성남시 분당구 새마을로175번길 4 (율동),경기도
정자동,37.36329,127.114074,general,경기도 성남시 분당구 정자로 82 (정자동),경기도
판교알파돔시티,37.39445757,127.1093622,general,"경기도 성남시 분당구 판교역로 145 타워2동 1층, 138~142호 (백현동530, 알파리움)",경기도
서판교,37.39142337,127.0776677,general,경기도 성남시 분당구 운중로 132 (운중동),경기도
판교브릿지타워,37.40332367,127.0990859,general,경기도 성남시 분당구 판교로 227번길 6 (삼평동),경기도
판교역로,37.39731,127.111294,general,경기도 성남시 분당구 판교역로 192번길 14 (삼평동),경기도
서현,37.38600977,127.1259376,general,경기도 성남시 분당구 황새울로360번길 19 (서현동) 금화빌딩,경기도
수내로,37.38048706,127.1165936,general,경기도 성남시 분당구 수내로46번길 12 (수내동) 코아빌딩,경기도
정자역,37.36682377,127.1067347,general,"경기도 성남시 분당구 성남대로343번길 12-2 (정자동), 1~2층",경기도
분당구청,37.38411236,127.1201645,general,경기도 성남시 분당구 분당로 43 (서현동),경기도
뉴코아야탑,37.41041291,127.1273,general,"경기도 성남시 분당구 야탑로81번길 11, 뉴코아 야탑점 아울렛 1층 (야탑동)",경기도
미금역,37.350318,127.106655,general,경기도 성남시 분당구 돌마로 43 (금곡동) 메디파크빌딩,경기도
수내,37.37960136,127.1147518,general,"경기도 성남시 분당구 황새울로 234, 분당트라팰리스 (수내동)",경기도
정자상떼뷰,37.37009724,127.1056804,general,"경기도 성남시 분당구 정자일로213번길 18 (정자동, 성원상떼뷰리젠시)",경기도
서현미래에셋,37.38800596,127.1233946,general,"경기도 성남시 분당구 황새울로359번길 11, 미래에셋빌딩 1층 (서현동)",경기도
야탑글라스,37.410845,127.129806,general,경기도 성남시 분당구 성남대로916번길 11 (야탑동),경기도
정자,37.36487523,127.1063109,general,"경기도 성남시 분당구 정자일로 166, SPG센터 (정자동)",경기도
분당서울대병원4,37.35104057,127.1241777,general,"경기도 성남시 분당구 구미로173번길 82, 분당서울대학교병원 신관 4층 (구미동)",경기도
분당서울대병원1,37.35104057,127.1241777,generalWT,"경기도 성남시 분당구 구미로173번길 82, 분당서울대학교병원 신관 1층 (구미동)",경기도
서현N타운,37.38591696,127.1220757,general,경기도 성남시 분당구 황새울로335번길 5 (서현동),경기도
서현역,37.38589681,127.1241166,general,"경기도 성남시 분당구 서현로210번길 20, 1층 (서현동)",경기도
오리역,37.338617,127.109225,general,"경기도 성남시 분당구 성남대로 32, 1층 (구미동)",경기도
분당정자,37.37190497,127.1068853,general,"경기도 성남시 분당구 성남대로 393, 두산위브파빌리온 1층 (정자동)",경기도
수내역,37.37775756,127.1136651,general,"경기도 성남시 분당구 백현로101번길 30, 1-2층 (수내동)",경기도
정자아데나,37.36032825,127.1077437,general,경기도 성남시 분당구 성남대로 275 (정자동),경기도
분당이마트,37.35906171,127.1200653,general,경기도 성남시 분당구 불정로 134 (정자동),경기도
판교H스퀘어,37.40122014,127.1089259,general,"경기도 성남시 분당구 판교역로 231, 에이치스퀘어 (삼평동)",경기도
오리역삼거리,37.340016,127.108332,general,경기도 성남시 분당구 성남대로 45 (구미동),경기도
판교HIPEX,37.401209,127.110666,general,"경기도 성남시 분당구 판교역로 230, 판교 삼환 HIPEX (삼평동)",경기도
판교도서관,37.38955137,127.0909091,general,경기도 성남시 분당구 운중로 251 (판교동),경기도
네이버1784,37.3591116,127.1055408,general,경기도 성남시 분당구 정자일로 95 (정자동) 네이버1784 2층,경기도
미금역2001아울렛,37.3490444,127.1074534,general,경기도 성남시 분당구 미금일로154번길 20 (구미동),경기도
분당서현역AK R,37.3845913,127.1231829,reserve,경기도 성남시 분당구 황새울로360번길 42 (서현동),경기도
판교역힐스테이트,37.39243335,127.1108951,general,경기도 성남시 분당구 판교역로 136 (백현동)  판교힐테이트 1092~1095호,경기도
수내역1번출구,37.378515,127.11579,general,경기도 성남시 분당구 황새울로258번길 41 (수내동)  1~2층,경기도
HD현대R&D센터,37.37647772,127.1043006,general,경기도 성남시 분당구 분당수서로 477 (정자동),경기도
분당궁내DT,37.370636,127.102071,generalDT,경기도 성남시 분당구 대왕판교로 302 (궁내동),경기도
야탑역사거리,37.4095,127.1301,general,경기도 성남시 분당구 야탑로 102 (야탑동),경기도
남한산성입구역,37.449705,127.159463,general,경기도 성남시 중원구 산성대로426번길 2 (금광동),경기도
단대오거리역,37.4433283,127.1545766,general,경기도 성남시 중원구 산성대로 340-1 (중앙동),경기도
성남모란DT,37.42916076,127.1334432,generalDT,경기도 성남시 중원구 둔촌대로 131 (성남동),경기도
수원금곡,37.27491,126.954432,general,경기도 수원시 권선구 금곡로 219 (금곡동),경기도
수원세류DT,37.262923,127.011208,generalDT,경기도 수원시 권선구 권선로544번길 1 (세류동),경기도
수원호매실,37.274375,126.941263,general,"경기도 수원시 권선구 서수원로577번길 305 (금곡동, 수원모아미래도센트럴타운2단지)",경기도
수원권선DT,37.246345,126.964025,generalDT,경기도 수원시 권선구 매송고색로 543 (오목천동),경기도
수원권선,37.246668,127.030958,general,경기도 수원시 권선구 동수원로177번길 40 (권선동),경기도
수원이마트,37.25007961,127.0212806,general,경기도 수원시 권선구 경수대로 270 (권선동) 2층,경기도
수원세류역DT,37.243791,127.017207,generalDT,경기도 수원시 권선구 경수대로 185 (세류동),경기도
수원롯데백화점2F,37.26486763,126.9984555,general,경기도 수원시 권선구 세화로 134 (서둔동),경기도
수원고색동DT,37.23932025,126.9887188,generalDT,경기도 수원시 권선구 서부로1390번길 150 (고색동),경기도
수원탑동DT,37.26711904,126.9713639,generalDT,경기도 수원시 권선구 서부로 1769 (탑동),경기도
수원연무DT,37.29218,127.028729,generalDT,경기도 수원시 장안구 창룡대로 171 (연무동),경기도
북수원IC DT,37.307776,126.99833,generalDT,경기도 수원시 장안구 경수대로 1038 (파장동),경기도
수원천천,37.297286,126.982671,general,경기도 수원시 장안구 덕영대로535번길 46 (천천동),경기도
수원성균관대,37.298935,126.971577,general,"경기도 수원시 장안구 서부로 2131, 1층 4,5,6호 2층1,2호 (율전동)",경기도
스타필드수원6F,37.28757356,126.9915535,generalWT,경기도 수원시 장안구 수성로 175 (정자동),경기도
스타필드수원1F,37.28712304,126.9915986,generalWT,경기도 수원시 장안구 수성로 175 (정자동),경기도
수원정자사거리DT,37.29119596,127.004005,generalDT,경기도 수원시 장안구 수성로 291 (정자동),경기도
수원종합운동장,37.30131994,127.0087984,general,경기도 수원시 장안구 송원로 71 (송죽동),경기도
수원조원DT,37.29523722,127.0157699,generalDT,경기도 수원시 장안구 경수대로 831 (조원동),경기도
수원경수인계DT,37.270568,127.027566,generalDT,경기도 수원시 팔달구 경수대로 499 (인계동),경기도
수원KBS DT,37.271122,127.035213,generalDT,경기도 수원시 팔달구 권광로 265 (인계동),경기도
수원인계DT,37.267938,127.027948,generalDT,경기도 수원시 팔달구 인계로94번길 3 (인계동),경기도
수원이비스,37.25909912,127.0311553,reserve,경기도 수원시 팔달구 권광로 132 (인계동),경기도
수원매산,37.26738152,127.0026945,general,경기도 수원시 팔달구 매산로 11 (매산로1가),경기도
동수원DT,37.2781099,127.0339496,generalDT,경기도 수원시 팔달구 중부대로 161 (우만동),경기도
수원인계,37.265499,127.032902,general,경기도 수원시 팔달구 권광로 199 (인계동),경기도
아주대,37.279696,127.04334,general,경기도 수원시 팔달구 월드컵로 205 (우만동),경기도
수원성빈센트병원,37.27786636,127.0279523,general,경기도 수원시 팔달구 중부대로 93 (지동),경기도
수원화성행궁,37.283349,127.015668,general,경기도 수원시 팔달구 정조로841번길 10 (신풍동),경기도
수원나혜석거리,37.26425568,127.034163,general,경기도 수원시 팔달구 권광로188번길 17 (인계동),경기도
수원경인일보,37.26146402,127.0346308,general,경기도 수원시 팔달구 효원로 299 (인계동),경기도
수원역AK R,37.26683191,127.0000676,reserve,경기도 수원시 팔달구 덕영대로 924 (매산로1가),경기도
시흥대야DT,37.441713,126.787757,generalDT,경기도 시흥시 뱀내장터로 27 (대야동),경기도
배곧아브뉴프랑,37.3682,126.7294,general,경기도 시흥시 서울대학로278번길 34 (정왕동),경기도
시흥대야동,37.44174,126.791869,general,경기도 시흥시 비둘기공원7길 51 (대야동),경기도
배곧신도시,37.36926945,126.7303607,general,경기도 시흥시 서울대학로278번길 43-13 (정왕동),경기도
시흥대야,37.443912,126.790755,general,경기도 시흥시 비둘기공원로 10 (대야동),경기도
시흥P.아울렛 3F,37.379754,126.736396,general,경기도 시흥시 서해안로 699 (정왕동),경기도
시흥P.아울렛 1F,37.379754,126.736396,general,경기도 시흥시 서해안로 699 (정왕동),경기도
시화로데오,37.34466009,126.7373217,general,경기도 시흥시 중심상가2길 20-5 (정왕동),경기도
시흥월곶,37.389462,126.73886,general,경기도 시흥시 월곶중앙로58번길 5-6 (월곶동),경기도
물왕호수,37.382917,126.840701,general,경기도 시흥시 동서로857번길 6 (물왕동),경기도
시흥장현,37.3782498,126.7890783,general,경기도 시흥시 황고개로 530 (장곡동),경기도
시흥능곡역,37.37064104,126.8074969,general,경기도 시흥시 장현능곡로 155 (능곡동),경기도
시흥목감DT,37.37794249,126.8501398,generalDT,경기도 시흥시 동서로 950 (조남동),경기도
시흥은계,37.4375151,126.8016329,general,경기도 시흥시 은계번영길 9 (은행동),경기도
안산고잔센트럴타워,37.318914,126.834241,general,경기도 안산시 단원구 고잔로 72 (고잔동),경기도
안산상공회의소,37.318868,126.826297,general,경기도 안산시 단원구 적금로 120 (고잔동),경기도
고잔이마트,37.303177,126.812842,general,경기도 안산시 단원구 원포공원1로 46 (초지동) 이마트,경기도
안산문화광장,37.310298,126.830517,general,"경기도 안산시 단원구 광덕대로 154, ,771-4 로데오타운1층 (고잔동)",경기도
안산중앙,37.318899,126.837464,general,"경기도 안산시 단원구 고잔로 102, 스타타워 1층 (고잔동)",경기도
안산중앙역,37.31723608,126.8374694,general,경기도 안산시 단원구 중앙대로 907 (고잔동),경기도
안산트레이더스,37.331038,126.784837,general,경기도 안산시 단원구 중앙대로 397 (신길동),경기도
안산물의광장,37.3131817,126.8295825,general,경기도 안산시 단원구 광덕대로 187 (고잔동),경기도
안성석정DT,37.01046318,127.2620884,generalDT,경기도 안성시 중앙로 308 (석정동),경기도
안성공도DT,37.009411,127.200801,generalDT,경기도 안성시 공도읍 서동대로 4489 ,경기도
안성서동대로DT,37.00481677,127.1820894,generalDT,경기도 안성시 공도읍 서동대로 4314 서동대로 4314,경기도
안성계동DT,36.98606487,127.2678371,generalDT,경기도 안성시 안성맞춤대로 805 (계동),경기도
스타필드안성R,36.99410646,127.1469581,reserve,경기도 안성시 공도읍 서동대로 3930-39 ,경기도
호계지식산업센터,37.3725193,126.9487254,general,경기도 안양시 동안구 엘에스로 122 (호계동) 118~123호,경기도
평촌역DT,37.396509,126.971235,generalDT,경기도 안양시 동안구 시민대로 373 (관양동),경기도
안양범계,37.39169198,126.9537786,general,경기도 안양시 동안구 시민대로 206 (호계동),경기도
안양운동장사거리DT,37.40111,126.949208,generalDT,경기도 안양시 동안구 관악대로 234 (비산동),경기도
범계역,37.389849,126.949818,general,경기도 안양시 동안구 시민대로 180 (호계동),경기도
안양호계DT,37.366561,126.956011,generalDT,경기도 안양시 동안구 엘에스로 23-8 (호계동),경기도
평촌호계,37.38308987,126.9598478,general,경기도 안양시 동안구 평촌대로 123 (호계동),경기도
평촌로데오,37.39296984,126.9605823,general,경기도 안양시 동안구 관평로 182 (관양동),경기도
평촌역사거리,37.39594913,126.9650924,general,경기도 안양시 동안구 시민대로 311 금강스마트 빌딩 1층(관양동1746),경기도
안양비산DT,37.39254328,126.9428818,generalDT,경기도 안양시 동안구 경수대로 821 (비산동),경기도
평촌아크로,37.39254936,126.9562969,general,"경기도 안양시 동안구 시민대로 230, 평촌아크로타워상가동 2층 8호 (관양동)",경기도
범계로데오,37.391494,126.955122,general,경기도 안양시 동안구 평촌대로 223 (호계동),경기도
인덕원역,37.4002633,126.9763137,general,"경기도 안양시 동안구 흥안대로 519, 아이퍼스트타워 1~2층 (관양동)",경기도
안양덕현DT,37.3713018,126.9602196,generalDT,경기도 안양시 동안구 흥안대로 139 (호계동),경기도
안양이마트,37.398521,126.935224,general,경기도 안양시 동안구 관악대로 104 (비산동),경기도
안양역R,37.401964,126.922661,reserve,경기도 안양시 만안구 만안로 232 (안양동) 안양민자역사 1층 001호,경기도
명학역,37.38370712,126.9346873,general,"경기도 안양시 만안구 안양로 96 128,129,130,132,133,134,135,136호",경기도
안양역,37.4002845,126.9221677,general,경기도 안양시 만안구 장내로 149번길 (안양동)53,경기도
안양석수DT,37.4312614,126.9033382,generalDT,경기도 안양시 만안구 경수대로 1397 (석수동),경기도
안양일번가,37.39919046,126.9236856,general,경기도 안양시 만안구 안양로292번길 36 (안양동),경기도
양주옥정타운,37.81844481,127.0941299,general,경기도 양주시 회천남로 76 (옥정동),경기도
양주송추DT,37.717529,126.973093,generalDT,경기도 양주시 장흥면 호국로 528 ,경기도
양주덕정역DT,37.83827084,127.0629793,generalDT,경기도 양주시 독바위로 35 (덕정동),경기도
양주고읍DT,37.80354481,127.0793919,generalDT,경기도 양주시 고덕로351 (고읍동),경기도
양주광사DT,37.79074642,127.0727906,generalDT,경기도 양주시 부흥로 1872 (광사동),경기도
양주고읍,37.794628,127.079196,general,경기도 양주시 고읍남로 20 (광사동),경기도
가나아트파크,37.7263808,126.9500801,general,경기도 양주시 장흥면 권율로 117 ,경기도
양주옥정공원,37.82119228,127.0974583,general,경기도 양주시 옥정동로7길 30 (옥정동),경기도
양주회정DT,37.83958362,127.0547042,generalDT,경기도 양주시 평화로 1687 (회정동),경기도
연천전곡DT,38.0118271,127.0687669,generalDT,경기도 연천군 전곡읍 평화로 452 ,경기도
북오산IC DT,37.18982,127.058875,generalDT,경기도 오산시 문시로 109-2 (외삼미동),경기도
오산세교,37.176779,127.045583,general,경기도 오산시 수청로 193 (금암동),경기도
오산갈곶DT,37.129186,127.0713109,generalDT,"경기도 오산시 경기대로 50, B동 (갈곶동)",경기도
오산IC DT,37.14269621,127.0768529,generalDT,경기도 오산시 원동로 74 (원동),경기도
오산시청,37.1486248,127.0741288,general,경기도 오산시 운천로 61,경기도
오산부산동DT,37.15899425,127.0924279,generalDT,경기도 오산시 경기동로 185 (부산동),경기도
오산원동DT,37.14418106,127.0738765,generalDT,경기도 오산시 경기대로 218 (원동),경기도
서동탄DT,37.197419,127.06498,generalDT,경기도 오산시 외삼미로 162-48 (외삼미동),경기도
오산수청DT,37.16298069,127.0666929,generalDT,경기도 오산시 경기대로 445 (수청동),경기도
용인세브란스병원,37.27072255,127.1475617,general,경기도 용인시 기흥구 동백죽전대로 363 (중동),경기도
용인상하DT,37.259778,127.142453,generalDT,경기도 용인시 기흥구 중부대로 771 (상하동),경기도
용인언남,37.29262881,127.1220686,general,경기도 용인시 기흥구 구성로 120 (언남동),경기도
기흥역AK R,37.2746544,127.1165616,reserve,"경기도 용인시 기흥구 기흥역로 63 (구갈동, 기흥역 힐스테이트)",경기도
용인고매동,37.22317532,127.1141622,general,경기도 용인시 기흥구 신고매로 59 (고매동) 리빙파워센터 지하1층,경기도
용인보라DT,37.255575,127.104577,generalDT,경기도 용인시 기흥구 용구대로 1877 (보라동),경기도
용인동백DT,37.274595,127.141221,generalDT,경기도 용인시 기흥구 어정로 102 (상하동),경기도
용인마북DT,37.2947324,127.1102926,generalDT,경기도 용인시 기흥구 용구대로 2330,경기도
용인기흥구청,37.2808075,127.1108768,general,경기도 용인시 기흥구 구갈로 71-18 (신갈동),경기도
수원IC DT,37.26724074,127.074871,generalDT,경기도 용인시 기흥구 중부대로 56,경기도
용인보정,37.320017,127.11084,general,"경기도 용인시 기흥구 죽전로 20, 죽전누리에뜰상가 (보정동)",경기도
구성트레이더스,37.305434,127.105468,general,경기도 용인시 기흥구 용구대로 2457 (보정동),경기도
강남대,37.2710542,127.1259993,general,"경기도 용인시 기흥구 강남로 3, 강남&amp;플러스 1층(구갈동)",경기도
용인하갈DT,37.24929773,127.0877355,generalDT,경기도 용인시 기흥구 덕영대로 1800 (하갈동),경기도
용인흥덕DT,37.27484066,127.0718202,generalDT,경기도 용인시 기흥구 흥덕1로 85 (영덕동),경기도
삼성디스플레이SDR,37.225417,127.087317,general,경기도 용인시 기흥구 삼성로 1 (농서동),경기도
기흥테라타워,37.230764,127.071,general,"경기도 용인시 기흥구 서천로201번길 11 (농서동) 125, 126, 127, 128호",경기도
용인보정DT,37.32147824,127.1041609,generalDT,경기도 용인시 기흥구 용구대로2469번길 165 (보정동),경기도
한국민속촌DT,37.255933,127.116911,generalDT,경기도 용인시 기흥구 사은로 110 (보라동),경기도
동백이마트,37.2781451,127.1514253,general,경기도 용인시 기흥구 동백죽전대로 444 (중동),경기도
용인신갈DT,37.27277694,127.1103163,generalDT,경기도 용인시 기흥구 중부대로 395 (신갈동),경기도
용인김량장DT,37.23964042,127.2105676,generalDT,경기도 용인시 처인구 백옥대로 1174 (김량장동),경기도
용인에버랜드,37.29498842,127.2031992,generalWT,경기도 용인시 처인구 포곡읍 에버랜드로 199 ,경기도
용인시청DT,37.24029,127.170935,generalDT,경기도 용인시 처인구 중부대로 1130,경기도
용인처인구청,37.234764,127.202928,general,경기도 용인시 처인구 금령로 60 (김량장동),경기도
용인한숲시티,37.152464,127.173575,general,경기도 용인시 처인구 남사읍 처인성로 729 ,경기도
용인마평DT,37.2336627,127.2168107,generalDT,경기도 용인시 처인구 금령로 188 (마평동),경기도
용인역북,37.232254,127.188747,general,경기도 용인시 처인구 명지로 41 (역북동),경기도
용인고림DT,37.24395286,127.2180629,generalDT,경기도 용인시 처인구 고림로 124 (고림동),경기도
용인모현DT,37.34897566,127.2493079,generalDT,경기도 용인시 처인구 모현읍 백옥대로 2529 ,경기도
용인IC DT,37.25140976,127.2121333,generalDT,경기도 용인시 처인구 백옥대로 1305 (유방동),경기도
의왕청계DT,37.38837217,126.9983852,generalDT,경기도 의왕시 안양판교로 246 (청계동),경기도
의왕포일,37.39604335,126.9843503,general,경기도 의왕시 안양판교로 89 (포일동),경기도
의왕현대모비스,37.32469579,126.9519698,general,경기도 의왕시 철도박물관로 37 (삼동),경기도
의왕내손,37.38912675,126.9767379,general,경기도 의왕시 내손중앙로 4 (내손동)  벨포레스퀘어 G111~116호,경기도
의왕롯데몰,37.37526647,127.0086314,generalWT,"경기도 의왕시 바라산로 1 (학의동), GF층 일부",경기도
의왕삼동DT,37.316653,126.957363,generalDT,경기도 의왕시 덕영대로 182 (삼동),경기도
의정부예술의전당DT,37.7330525,127.0388483,generalDT,경기도 의정부시 경의로 31 (의정부동),경기도
의정부신곡DT,37.726826,127.064015,generalDT,경기도 의정부시 회룡로 269 (신곡동),경기도
의정부용현DT,37.73038984,127.0842455,generalDT,경기도 의정부시 시민로 468 (용현동),경기도
의정부공원,37.740103,127.047531,general,경기도 의정부시 평화로 540 (의정부동),경기도
의정부민락,37.7454512,127.0939636,general,경기도 의정부시 천보로 68 (민락동),경기도
의정부회룡역DT,37.722373,127.047477,generalDT,경기도 의정부시 평화로 341 (호원동),경기도
의정부녹양DT,37.758477,127.040289,generalDT,경기도 의정부시 비우로 119 (가능동),경기도
의정부금오,37.7530087,127.0704614,general,"경기도 의정부시 청사로48번길 7, 대송프라자 (금오동)",경기도
신세계의정부2F,37.73828756,127.0463533,general,"경기도 의정부시 평화로 525, 신세계백화점 2층 (의정부동)",경기도
신세계의정부6F,37.73748367,127.0457572,general,"경기도 의정부시 평화로 525, 신세계백화점 6층 (의정부동)",경기도
의정부송산역DT,37.74016423,127.0856859,generalDT,경기도 의정부시 충의로 95 (용현동),경기도
의정부민락타운,37.744429,127.098713,general,경기도 의정부시 오목로 196 (민락동),경기도
의정부장암DT,37.69925,127.05465,generalDT,경기도 의정부시 동일로 114 (장암동),경기도
의정부이마트,37.7432268,127.1025002,general,경기도 의정부시 민락로 210 (민락동),경기도
이천증포DT,37.296604,127.457292,generalDT,경기도 이천시 이섭대천로 1445 (증포동),경기도
이천사음DT,37.299106,127.407841,generalDT,경기도 이천시 경충대로 3045 (사음동),경기도
이천하이닉스,37.25251,127.489933,general,"경기도 이천시 부발읍 경충대로 2100 외 101호, 102호, 201호",경기도
이천터미널,37.278191,127.446323,general,경기도 이천시 중리천로 84 (중리동),경기도
이천IC DT,37.25779078,127.4829154,generalDT,"경기도 이천시 부발읍 경충대로 2183 신하리 547외 6필지(547, 548-2, 3, 4, 5, 550-7,8)",경기도
포천DT,37.84841582,127.1618313,generalDT,경기도 포천시 호국로 925 (선단동),경기도
광릉수목원,37.77650342,127.1652471,general,경기도 포천시 소흘읍 죽엽산로 655 ,경기도
포천호국로DT,37.79653392,127.1272416,generalDT,경기도 포천시 소흘읍 호국로 246 ,경기도
포천내촌DT,37.76324078,127.2252363,generalDT,경기도 포천시 내촌면 금강로 2064 (내촌면),경기도
하남미사DT,37.55997203,127.1857909,generalDT,경기도 하남시 미사강변남로 35 (망월동),경기도
하남황산사거리,37.55078301,127.1860334,general,경기도 하남시 조정대로 65 (풍산동),경기도
스타필드위례1FR,37.48041,127.14814,reserve,경기도 하남시 위례대로 200 (학암동),경기도
미사역효성,37.56724938,127.1903083,general,경기도 하남시 아리수로 570 (망월동),경기도
하남덕풍,37.55215262,127.2092878,general,경기도 하남시 덕풍동로 123 (덕풍동),경기도
하남미사,37.56961189,127.1834151,general,경기도 하남시 미사강변북로30번길 130 (망월동),경기도
스타필드하남1F(티바나),37.54477875,127.2236042,general,경기도 하남시 미사대로 750 (신장동),경기도
신세계하남2F,37.54599383,127.221885,general,경기도 하남시 미사대로 750 (신장동),경기도
스타필드하남2FR,37.54521448,127.2242618,reserve,경기도 하남시 미사대로 750 (신장동),경기도
하남신장,37.5383807,127.2039864,general,경기도 하남시 신장로 130,경기도
하남시청,37.54058518,127.216036,general,경기도 하남시 대청로 34 (신장동),경기도
하남시청역,37.54141739,127.2080267,general,경기도 하남시 하남대로 808 (신장동),경기도
하남풍산역,37.55355159,127.2053421,general,경기도 하남시 덕풍서로 80 (덕풍동) 빌리브하남 101~106호,경기도
하남감일,37.50741145,127.1551007,general,"경기도 하남시 감일백제로 169 (감이동) 현대타워, 1층 105~111호",경기도
미사역그랑파사쥬,37.56421331,127.1915286,general,경기도 하남시 미사강변동로 95 (망월동) 미사역 그랑파사쥬 1층 1056~1059호,경기도
미사역파라곤스퀘어,37.56431707,127.1928249,general,"경기도 하남시 미사강변동로 100 (망월동), 미사역 파라곤스퀘어 1층 1011~1016호",경기도
화성시청,37.20087823,126.8260473,general,경기도 화성시 남양읍 시청로 113 ,경기도
화성봉담,37.21865588,126.9553862,general,경기도 화성시 봉담읍 동화길 51 ,경기도
화성향남,37.131572,126.922767,general,경기도 화성시 향남읍 발안로 111 ,경기도
동탄카림,37.19921082,127.1129463,general,"경기도 화성시 동탄대로시범길 134 (청계동, 시범 반도유보라 아이비파크4.0)",경기도
동탄능동DT,37.212139,127.053557,generalDT,경기도 화성시 동탄지성로 201 (능동),경기도
동탄역,37.19779562,127.0984027,general,경기도 화성시 동탄대로 495 (오산동),경기도
화성병점DT,37.212704,127.038292,generalDT,경기도 화성시 효행로 1015 (진안동),경기도
동탄영천,37.20673608,127.1113804,general,경기도 화성시 동탄순환대로 692 (영천동),경기도
신영통DT,37.234379,127.062955,generalDT,경기도 화성시 영통로 43 (반월동),경기도
동탄센트럴파크,37.2082443,127.0638898,general,경기도 화성시 동탄지성로 104 센트럴파티오,경기도
동탄,37.201742,127.072973,general,"경기도 화성시 메타폴리스로 54 (반송동, 동탄파라곤II) 1층",경기도
동탄광장,37.204887,127.07181,general,"경기도 화성시 동탄지성로 17, 풍성 위버폴리스  (반송동)",경기도
동탄이마트,37.21417,127.079398,general,"경기도 화성시 동탄중앙로 376, 동탄이마트 1층 (석우동)",경기도
송산마도IC DT,37.20721734,126.7776942,generalDT,"경기도 화성시 마도면 화성로 803 두곡리 312-4, 312-5",경기도
동탄북광장,37.206887,127.074505,general,"경기도 화성시 동탄원천로 153 (반송동), 1층 일부",경기도
동탄산단DT,37.1644456,127.0865349,generalDT,경기도 화성시 동탄산단2길 7-36 (방교동),경기도
동탄라크몽,37.16724647,127.105006,general,경기도 화성시 동탄대로5길 21 (송동) 라크몽,경기도
화성남양DT,37.20696394,126.8191989,generalDT,경기도 화성시 남양읍 시청로32번길 6 ,경기도
화성봉담DT,37.22832461,126.9715786,generalDT,경기도 화성시 효행로 219 (기안동),경기도
동탄목동,37.1825,127.12466,general,경기도 화성시 동탄순환대로20길 124 (목동),경기도
화성반월DT,37.220177,127.05796,generalDT,경기도 화성시 효행로 1241 (반월동),경기도
동탄여울공원,37.20125565,127.0899196,general,경기도 화성시 동탄기흥로 447-30 (오산동),경기도
화성보통저수지,37.19249508,126.978487,general,경기도 화성시 정남면 세자로 293 단독 건물,경기도
삼성전자DSR,37.226129,127.070494,general,"경기도 화성시 삼성전자로 1 (반월동), DSR동 B-C타워 로비 1층",경기도
동탄트레이더스,37.19340617,127.0972876,general,경기도 화성시 동탄대로 451 (오산동),경기도
동탄신리천공원,37.18381932,127.1073122,general,경기도 화성시 동탄신리천로 264 (오산동),경기도
화성향남DT,37.13194856,126.9100021,generalDT,경기도 화성시 향남읍 삼천병마로 213 ,경기도
송산그린시티,37.284793,126.818368,general,경기도 화성시 수노을중앙로 136 (새솔동),경기도
동탄타임테라스,37.204292,127.069308,general,"경기도 화성시 동탄중앙로 220 (반송동, 메타폴리스)",경기도
동탄IX타워,37.21111374,127.0891286,general,경기도 화성시 동탄첨단산업1로 27 (영천동) 동탄금강펜테리움IX타워 M8~M11호,경기도
동탄역롯데R,37.19982904,127.0965243,reserve,경기도 화성시 동탄역로 160 롯데백화점 동탄점,경기도
화성안녕DT,37.20263425,127.0129157,generalDT,경기도 화성시 효행로 751 (안녕동),경기도
동탄디엠시티,37.20967505,127.0995137,general,"경기도 화성시 동탄대로 636-14 (영천동, 동탄역 대방디엠시티 더 센텀)",경기도
화성향남2지구,37.1163585,126.9107857,general,"경기도 화성시 향남읍 발안양감로 187 발안양감로 187 센트럴프라자1동 108호,204호",경기도
남양화성로DT,37.2110563,126.8132036,generalDT,경기도 화성시 남양읍 화성로 1166 화성로 1166,경기도
화성향남발안DT,37.13349031,126.9412125,generalDT,경기도 화성시 향남읍 발안로 308 ,경기도
동탄호수공원,37.17215166,127.1062007,general,경기도 화성시 동탄대로 181 (송동),경기도
삼송역,37.65226187,126.8962384,general,경기도 고양시 덕양구 동송로 70 (삼송동),경기도
원흥역,37.64941847,126.8766869,general,경기도 고양시 덕양구 원흥5로 25 (원흥동),경기도
스타필드고양3F,37.647216,126.895577,general,경기도 고양시 덕양구 고양대로 1955 (동산동),경기도
스타필드고양1FR,37.64697,126.895523,reserve,경기도 고양시 덕양구 고양대로 1955 (동산동),경기도
고양삼송,37.66367285,126.8912924,general,경기도 고양시 덕양구 신원동 628-2,경기도
고양DT,37.7095394,126.9052947,generalDT,경기도 고양시 덕양구 호국로 1775 (고양동),경기도
행신역,37.6141133,126.8343314,general,경기도 고양시 덕양구 충장로 14 (행신동),경기도
원당DT,37.658155,126.837639,generalDT,경기도 고양시 덕양구 호국로 811 (주교동),경기도
화정,37.63353224,126.8314538,general,경기도 고양시 덕양구 화신로272번길 57 (화정동),경기도
화정역,37.63345096,126.8329064,general,경기도 고양시 덕양구 화신로260번길 57 (화정동),경기도
고양덕은,37.5795084,126.870239,general,경기도 고양시 덕양구 으뜸로 130 (덕은동),경기도
고양행신,37.623815,126.834306,general,경기도 고양시 덕양구 충장로 126 (행신동),경기도
고양원흥DT,37.636819,126.869261,generalDT,경기도 고양시 덕양구 서오릉로663번길 8 (원흥동),경기도
고양향동,37.59884143,126.8926607,general,경기도 고양시 덕양구 꽃마을로 4 (향동동),경기도
지축역,37.64990229,126.91431,general,경기도 고양시 덕양구 지축로 56 (지축동),경기도
화정호국로,37.64181637,126.8295961,general,경기도 고양시 덕양구 화수로14번길 72 (화정동),경기도
신흥역,37.440935,127.146642,general,경기도 성남시 수정구 산성대로 267 (신흥동),경기도
성남위례,37.472839,127.141062,general,경기도 성남시 수정구 위례광장로 104 (창곡동),경기도
성남이마트,37.4442471,127.1414571,general,경기도 성남시 수정구 수정로 201 (태평1동) 신세계쉐덴,경기도
가천대학교,37.44941,127.1272,general,경기도 성남시 수정구 성남대로 1342 (복정동),경기도
수진역,37.43899037,127.1422499,general,경기도 성남시 수정구 산성대로 223 (신흥동) 1층,경기도
성남태평,37.44256128,127.1365889,general,경기도 성남시 수정구 수정로 149 (태평동) 1~2층,경기도
판교아이스퀘어,37.41302843,127.0981555,general,경기도 성남시 수정구 창업로 18(시흥동),경기도
성남모란삼성,37.43390859,127.1278594,general,경기도 성남시 수정구 산성대로 81 (수진동),경기도
남위례역,37.4646,127.14142,general,경기도 성남시 수정구 위례광장로 9-9 (창곡동),경기도
판교제2테크노밸리,37.4110851,127.0946316,general,경기도 성남시 수정구 창업로 54 (시흥동),경기도
여주DT,37.26613937,127.6385358,generalDT,경기도 여주시 세종로 358 (점봉동)_1,경기도
여주P.아울렛입구,37.24051058,127.6119001,general,경기도 여주시 명품로 360 2004호 (상거동),경기도
여주P.아울렛,37.24243623,127.6123947,general,경기도 여주시 명품로 360 2400호 (상거동),경기도
여주프리미엄빌리지,37.2426426,127.6153432,general,경기도 여주시 명품1로 22-2 (상거동),경기도
여주남한강DT,37.30041399,127.6481616,generalDT,경기도 여주시 강변북로 11 (천송동),경기도
여주자유CC,37.2089834,127.5702741,general,경기도 여주시 가남읍 자유그린길 69 ,경기도
서여주IC DT,37.29813532,127.6029336,generalDT,경기도 여주시 세종대왕면 중부대로 2685 중부대로 2685,경기도
평택비전,36.99882806,127.1142641,general,경기도 평택시 비전5로 20-24 (비전동),경기도
평택서정DT,37.066066,127.063519,generalDT,경기도 평택시 경기대로 1353 (서정동),경기도
평택안중DT,36.99081604,126.9133757,generalDT,경기도 평택시 안중읍 서동대로 1459 ,경기도
평택로데오,36.99183,127.0884,general,경기도 평택시 중앙2로 13 (평택동),경기도
평택AK플라자,36.99189,127.085398,general,경기도 평택시 평택로 51 (평택동) 평택역,경기도
평택송탄,37.06659128,127.0630439,general,경기도 평택시 관광특구로 38 (서정동),경기도
평택독곡DT,37.08708159,127.06312,generalDT,경기도 평택시 경기대로 1600 (독곡동),경기도
평택이충DT,37.05196981,127.0771295,generalDT,경기도 평택시 청원로 1388 (이충동),경기도
평택죽백DT,37.0138066,127.1134612,generalDT,경기도 평택시 만세로 1707 (죽백동),경기도
평택청북DT,37.02017327,126.9150011,generalDT,경기도 평택시 청북읍 안청로2길 86 ,경기도
평택고덕에듀타운,37.03636707,127.0273831,general,경기도 평택시 고덕로 245 (고덕동),경기도
평택대DT,36.9933627,127.1346334,generalDT,경기도 평택시 서동대로 3847 (용이동),경기도
평택고덕,37.04023607,127.051186,general,경기도 평택시 고덕면 고덕여염9길 38 ,경기도
평택이마트,37.0209352,127.0760109,general,경기도 평택시 영신로 29 (지제동),경기도
평택세교DT,37.00734059,127.0787978,generalDT,경기도 평택시 경기대로 625 (세교동),경기도
평택팽성DT,36.95483636,127.0599567,generalDT,경기도 평택시 팽성읍 팽성로 221 경기도 평택시 팽성읍 팽성로 221,경기도
평택비전DT,37.01125384,127.1046309,generalDT,경기도 평택시 비전4로 180 (비전동),경기도
주엽강선,37.66632598,126.7667887,general,"경기도 고양시 일산서구 중앙로 1371 (주엽동, 강선마을13단지아파트)",경기도
일산가로수길,37.66571194,126.7571794,general,경기도 고양시 일산서구 주엽로 80 (대화동),경기도
일산가구단지,37.69956958,126.7566721,general,경기도 고양시 일산서구 하이파크2로 67 (덕이동),경기도
일산덕이DT,37.69194734,126.7566743,generalDT,경기도 고양시 일산서구 탄중로 106 (덕이동),경기도
일산후곡,37.6773867,126.7675699,general,경기도 고양시 일산서구 일산로 541 (일산동),경기도
더타운몰킨텍스,37.662238,126.743981,general,경기도 고양시 일산서구 킨텍스로 171,경기도
일산탄현제니스,37.69416901,126.7636968,general,경기도 고양시 일산서구 일현로 97-11 (일산위브더제니스스퀘어1동147~151),경기도
대화역,37.6753761,126.7481894,general,"경기도 고양시 일산서구 중앙로 1559, 시티타워 1~2층 (대화동)",경기도
일산주엽,37.669903,126.762657,general,"경기도 고양시 일산서구 중앙로 1420, 1층 (주엽동)",경기도
현대킨텍스,37.668128,126.751207,general,경기도 고양시 일산서구 호수로 817 (대화동),경기도
문촌사거리,37.6726483,126.7566127,general,경기도 고양시 일산서구 중앙로 1470 (주엽동),경기도
일산탄현동,37.6951672,126.7644783,general,경기도 고양시 일산서구 일현로 91 (탄현동),경기도
풍무역DT,37.61036979,126.7375282,generalDT,경기도 김포시 김포대로 657 (풍무동),경기도
풍무사거리DT,37.60784497,126.7228369,generalDT,경기도 김포시 풍무로 137 ,경기도
김포아이앤씨,37.638769,126.680464,general,경기도 김포시 태장로 779 (장기동),경기도
김포구래,37.645803,126.629073,general,"경기도 김포시 김포한강4로 487 (구래동, 한강신도시 반도유보라 4차)",경기도
김포장기커낼,37.63960023,126.6776481,general,"경기도 김포시 김포한강2로 41 (장기동, e편한세상 캐널시티)",경기도
김포감정DT,37.624786,126.696429,generalDT,경기도 김포시 중봉로 27 (감정동),경기도
김포운양,37.6543091,126.6841727,general,경기도 김포시 김포한강11로 288-32,경기도
김포이마트,37.64443674,126.6282296,general,경기도 김포시 김포한강7로 71,경기도
김포풍무DT,37.600112,126.720441,generalDT,경기도 김포시 풍무로 45 (풍무동),경기도
김포시청,37.618396,126.717912,general,경기도 김포시 사우중로 35 (사우동),경기도
김포장기,37.644239,126.667908,general,"경기도 김포시 김포한강4로 117, 홍우프라자 102~105호 (장기동)",경기도
김포통진DT,37.68293389,126.6190997,generalDT,경기도 김포시 통진읍 김포대로 2026 ,경기도
김포현대아울렛3층,37.59932841,126.7855806,general,경기도 김포시 고촌읍 아라육로152번길 100 ,경기도
김포구래DT,37.63477684,126.6276161,generalDT,경기도 김포시 양촌읍 봉수대로 1871 ,경기도
김포석모DT,37.65127888,126.64988,generalDT,"경기도 김포시 양촌읍 김포한강4로301 1,2층",경기도
김포걸포,37.631846,126.702037,general,"경기도 김포시 걸포2로 83 (걸포동, 한강메트로자이1단지)",경기도
김포양촌역DT,37.6476357,126.6197333,generalDT,"경기도 김포시 양촌읍 김포한강10로 236 구래리 259-1, 260, 262, 262-1 , 262-2, 260-6, 260-7",경기도
김포마산역,37.63746854,126.6444159,general,경기도 김포시 김포한강8로 172 (마산동),경기도
김포한강로DT,37.65075236,126.6546531,generalDT,경기도 김포시 양촌읍 김포한강4로 257 ,경기도
부천상동역,37.50621,126.75427,general,경기도 부천시 원미구 길주로 105 (상동),경기도
스타필드부천,37.46116241,126.8135101,general,경기도 부천시 소사구 옥길로 1 (옥길동),경기도
부천옥길,37.46765574,126.8233172,general,경기도 부천시 소사구 옥길로 118 (옥길동),경기도
부천심곡DT,37.492932,126.78441,generalDT,경기도 부천시 원미구 부천로 97 (심곡동),경기도
뉴코아부천,37.504279,126.756992,general,경기도 부천시 원미구 송내대로 239 (상동),경기도
중동이마트,37.50406454,126.7635452,general,경기도 부천시 원미구 석천로 188 (중동),경기도
부천중동DT,37.4963743,126.7642,generalDT,경기도 부천시 원미구 부흥로 193 (중동),경기도
부천신중동역,37.5037646,126.7741439,reserve,경기도 부천시 원미구 길주로 281 (중동),경기도
역곡역DT,37.4835239,126.8093104,generalDT,경기도 부천시 소사구 경인로 485 (괴안동),경기도
부천중동,37.497976,126.77702,general,경기도 부천시 원미구 신흥로 161 (중동),경기도
부천시청역,37.50515529,126.7626907,general,경기도 부천시 원미구 길주로 181 (중동),경기도
현대중동,37.50451371,126.7606514,general,경기도 부천시 원미구 길주로 180 (중동),경기도
부천플레이도시,37.50030233,126.7438512,general,경기도 부천시 원미구 조마루로 2 (상동),경기도
송내역,37.488389,126.752604,general,경기도 부천시 원미구 부일로 204 (상동),경기도
부천상동,37.50535749,126.7525537,general,경기도 부천시 원미구 상동로 87 (상동),경기도
부천상일로,37.49123839,126.7556251,general,경기도 부천시 원미구 상일로 120 (상동),경기도
중동삼성,37.50318117,126.7706161,general,경기도 부천시 원미구 길주로 254 (중동),경기도
부천역,37.483904,126.782295,general,경기도 부천시 소사구 부천로 1 (심곡본동),경기도
부천옥길DT,37.4720219,126.8160956,generalDT,경기도 부천시 소사구 양지로 119 (옥길동),경기도
부천상동DT,37.51568183,126.7585755,generalDT,경기도 부천시 원미구 평천로 611 (상동),경기도
부천원종DT,37.52973395,126.8054512,generalDT,경기도 부천시 오정구 소사로 826 (원종동),경기도
부천중동센트럴,37.501698,126.768647,general,"경기도 부천시 원미구 소향로 181 (중동, 센트럴파크 푸르지오)",경기도
춘의역DT,37.50308,126.78546,generalDT,경기도 부천시 원미구 길주로 386 (춘의동),경기도
신중동,37.5003106,126.7764634,general,경기도 부천시 원미구 신흥로 187 (중동),경기도
소사역,37.48165,126.79493,general,"경기도 부천시 소사구 경인옛로 25 (소사본동, 부천 한신더휴 메트로)",경기도
광교갤러리아9F,37.28534346,127.0572352,general,경기도 수원시 영통구 광교호수공원로 320 (하동),경기도
수원법조타운,37.29184,127.067164,general,경기도 수원시 영통구 광교중앙로248번길 7-2 (하동),경기도
광교역,37.30058563,127.044101,general,경기도 수원시 영통구 대학로 47 (이의동),경기도
광교엘포트R,37.2869954,127.0577815,reserve,경기도 수원시 영통구 광교중앙로 145 (이의동),경기도
영통R,37.24560504,127.0621587,reserve,경기도 수원시 영통구 덕영대로 1566 (영통동),경기도
수원망포DT,37.2458277,127.05134,generalDT,경기도 수원시 영통구 덕영대로 1467,경기도
수원광교,37.29026201,127.0497619,general,경기도 수원시 영통구 센트럴타운로 85 (이의동) 광교c1호반베르디움,경기도
수원트레이더스,37.24631443,127.0480255,general,경기도 수원시 영통구 삼성로 2 트레이더스수원점 (신동),경기도
경희대국제캠퍼스,37.247951,127.076749,general,경기도 수원시 영통구 덕영대로 1695 (영통동),경기도
수원망포역,37.24521155,127.0562074,general,경기도 수원시 영통구 영통로 195 (망포동),경기도
광교이마트,37.2962004,127.0465643,general,경기도 수원시 영통구 광교로 191(이의동),경기도
수원영통,37.25560842,127.0746453,general,"경기도 수원시 영통구 봉영로 1617, 훼미리타워 1층 (영통동)",경기도
수원매탄,37.25805326,127.0454234,general,경기도 수원시 영통구 효원로 400 (매탄동),경기도
광교갤러리아6F,37.28539753,127.0572183,general,경기도 수원시 영통구 광교중앙로 124 (하동),경기도
광교더샵레이크시티,37.270796,127.060012,general,경기도 수원시 영통구 광교호수공원로 20 (원천동),경기도
수원청명,37.25460456,127.0782921,general,경기도 수원시 영통구 청명로 88 (영통동),경기도
광교SK뷰레이크41F,37.28749329,127.060073,general,경기도 수원시 영통구 법조로 25 (하동),경기도
안산한양대,37.300847,126.838212,general,"경기도 안산시 상록구 성안길 82-3, B동 1층 (사동)",경기도
안산한대앞역,37.308754,126.851175,general,"경기도 안산시 상록구 광덕1로 379, 한남빌딩 1~2층 (이동)",경기도
안산삼성,37.30617395,126.8478724,general,"경기도 안산시 상록구 광덕1로 342 (이동), 1층 일부",경기도
경기양평,37.49106622,127.4999532,general,경기도 양평군 양평읍 시민로 75 ,경기도
더양평DT,37.4970051,127.4817524,generalDT,경기도 양평군 양평읍 양근로 76 ,경기도
용인죽전,37.3313521,127.1091828,general,"경기도 용인시 수지구 용구대로 2750 (죽전동, 죽전 효성해링턴 플레이스)",경기도
죽전단국대,37.3244016,127.1249428,general,경기도 용인시 수지구 죽전로168번길 18 (죽전동),경기도
수지동천,37.335988,127.09101,general,경기도 용인시 수지구 손곡로 ,경기도
죽전,37.331506,127.12479,general,경기도 용인시 수지구 현암로 140 (죽전동),경기도
수지성복DT,37.314048,127.079162,generalDT,경기도 용인시 수지구 성복2로 55 (성복동),경기도
광교중앙로,37.29895843,127.0693392,general,경기도 용인시 수지구 광교마을로 41 (상현동),경기도
스타필드마켓죽전,37.3253735,127.1099255,general,"경기도 용인시 수지구 포은대로 552, 스타필드마켓 죽전점 1층 (죽전동)",경기도
신세계사우스시티,37.32500393,127.1081332,general,경기도 용인시 수지구 포은대로 536 (죽전동) 3층,경기도
수지이마트,37.31965,127.083677,general,경기도 용인시 수지구 수지로 203 (신봉동),경기도
수지풍덕천,37.322169,127.0952655,general,"경기도 용인시 수지구 수지로296번길 51-11, 비즈마루빌딩 1층 101호 (풍덕천동)",경기도
용인고기동유원지,37.359607,127.055438,general,경기도 용인시 수지구 고기로 487 (고기동),경기도
수지구청역,37.32310456,127.0948848,general,"경기도 용인시 수지구 풍덕천로 119 (풍덕천동) 111,112,113,206,207호",경기도
수지성복역,37.3127961,127.0802009,general,경기도 용인시 수지구 성복2로 37 (성복동),경기도
파주P.아울렛1F,37.769258,126.6947,general,경기도 파주시 탄현면 필승로 200 ,경기도
파주야당역,37.712142,126.759475,general,경기도 파주시 경의로 1066,경기도
파주금촌역,37.764081,126.774205,general,경기도 파주시 문화로 109 (금촌동),경기도
파주금릉역,37.752207,126.765613,general,"경기도 파주시 금릉역로 84, 청원센트럴타워 1층 (금촌동)",경기도
파주운정,37.71203,126.744499,general,경기도 파주시 와석순환로 135,경기도
파주P.아울렛3F,37.768974,126.69632,general,경기도 파주시 탄현면 필승로 200 1312호,경기도
파주문산DT,37.84643805,126.7890401,generalDT,경기도 파주시 파주읍 통일로 1555 (봉서리),경기도
파주가람,37.73597214,126.759841,general,경기도 파주시 가람로 89 (와동동),경기도
파주산내,37.728707,126.735514,general,경기도 파주시 청암로17번길 29 (목동동),경기도
파주LGD,37.80987898,126.7677007,general,경기도 파주시 월롱면 엘지로 245 (상동),경기도
파주야당DT,37.70346,126.75964,generalDT,경기도 파주시 경의로 966 (야당동),경기도
파주운정이마트,37.710647,126.74545,general,경기도 파주시 한울로 123 (동패동),경기도
지행역,37.89269969,127.0534673,general,경기도 동두천시 지행로 55 (지행동),경기도
동두천DT,37.88909874,127.0570116,generalDT,경기도 동두천시 평화로 2254 (지행동),경기도
동두천송내DT,37.88086925,127.0556327,generalDT,경기도 동두천시 평화로 2163 (송내동),경기도
광주선운DT,35.14689181,126.7775277,generalDT,광주광역시 광산구 선운로 20번길 63 ,광주광역시
광주산정DT,35.173524,126.804191,generalDT,광주광역시 광산구 용아로 342 (산정동),광주광역시
광주흑석DT,35.17696353,126.8079289,generalDT,광주광역시 광산구 사암로 367 (산정동),광주광역시
광주송정역,35.13803355,126.7913802,general,광주광역시 광산구 상무대로205번길 6 (송정동),광주광역시
광주수완DT,35.20309515,126.8190685,generalDT,광주광역시 광산구 임방울대로 487 (수완동),광주광역시
광주신가DT,35.1790467,126.8301259,generalDT,광주광역시 광산구 목련로 335 (신가동),광주광역시
광주쌍암,35.2193114,126.8423042,general,광주광역시 광산구 첨단중앙로 158 (쌍암동),광주광역시
광주장덕,35.19106686,126.8192434,general,광주광역시 광산구 장신로 85 (장덕동),광주광역시
광주하남,35.16259968,126.8103225,general,"광주광역시 광산구 사암로216번길 38-16, 1~2층 (우산동)",광주광역시
광주첨단,35.21471827,126.8434663,general,광주광역시 광산구 첨단중앙로 104 (월계동),광주광역시
광산수완,35.19052058,126.824718,general,"광주광역시 광산구 장신로 134, 1~2층 (수완동)",광주광역시
광주신창강변DT,35.18884479,126.85765,generalDT,광주광역시 광산구 북문대로 321 (신창동),광주광역시
광주첨단DT,35.20623849,126.847734,generalDT,광주광역시 광산구 첨단월봉로 84 (산월동),광주광역시
광주비아DT,35.2232057,126.8348789,generalDT,광주광역시 광산구 첨단과기로 81 (비아동),광주광역시
광주송정로,35.13719144,126.7916583,general,광주광역시 광산구 상무대로 202 (송정동),광주광역시
광주월산DT,35.145516,126.890794,generalDT,광주광역시 남구 대남대로 386 (월산동),광주광역시
광주주월DT,35.1341387,126.8981372,generalDT,광주광역시 남구 회재로 1256 (주월동),광주광역시
광주효천DT,35.100033,126.871253,generalDT,광주광역시 남구 임암길 232 (임암동),광주광역시
광주봉선로,35.124262,126.907898,general,광주광역시 남구 제석로 104 (봉선동),광주광역시
광주서문대로,35.119448,126.898595,general,광주광역시 남구 서문대로 665 (진월동),광주광역시
광주방림DT,35.13498,126.917698,generalDT,광주광역시 남구 대남대로 67 (방림동),광주광역시
광주봉선중앙,35.1254197,126.9112507,general,광주광역시 남구 봉선중앙로 51 (봉선동),광주광역시
광주진월,35.125781,126.897221,general,광주광역시 남구 서문대로 745 (주월동),광주광역시
광주봉선,35.122921,126.914111,general,"광주광역시 남구 봉선로 176, 1층 101,111호 (봉선동)",광주광역시
봉선이마트,35.12241295,126.9160258,general,광주광역시 남구 봉선로 198 (봉선동),광주광역시
광주지산DT,35.149728,126.92907,generalDT,광주광역시 동구 필문대로 240 (동명동),광주광역시
광주동명,35.150362,126.9236181,general,광주광역시 동구 동명로 16 (동명동),광주광역시
광주지원DT,35.11852251,126.9333453,generalDT,광주광역시 동구 남문로 529 (용산동),광주광역시
광주지산유원지입구,35.154459,126.940912,general,광주광역시 동구 무등로 592 (산수동),광주광역시
광주황금,35.1473572,126.9145683,general,광주광역시 동구 중앙로160번길 14 (황금동),광주광역시
충장서림,35.14808817,126.9173077,general,"광주광역시 동구 충장로 93-5 (금남로2가, 무등맨션)",광주광역시
충장일가,35.146797,126.918252,general,광주광역시 동구 서석로 43 (충장로1가),광주광역시
조선대,35.144608,126.930183,general,광주광역시 동구 지산로 3 (서석동),광주광역시
광주충장DT,35.144342,126.9149709,generalDT,광주광역시 동구 천변우로 421 (불로동),광주광역시
광주오치,35.18745274,126.8989025,general,광주광역시 북구 설죽로 314 (오치동),광주광역시
광주연제DT,35.197688,126.866803,generalDT,광주광역시 북구 양일로18번길 2 (연제동),광주광역시
광주신안DT,35.171678,126.894998,generalDT,광주광역시 북구 서암대로 93 (신안동),광주광역시
광주매곡DT,35.189836,126.898698,generalDT,광주광역시 북구 설죽로 339 (매곡동),광주광역시
광주두암타운,35.162112,126.937388,general,광주광역시 북구 삼정로 4 (두암동),광주광역시
광주일곡,35.205463,126.898114,general,광주광역시 북구 설죽로 518 (일곡동),광주광역시
광주북구청,35.17483,126.914469,general,광주광역시 북구 서방로9번길 30 (중흥동),광주광역시
광주첨단신용,35.20701,126.864115,general,광주광역시 북구 첨단연신로 101 (신용동),광주광역시
광주용두DT,35.212837,126.868485,generalDT,광주광역시 북구 임방울대로 1016 (신용동),광주광역시
전남대,35.17719867,126.9124787,general,"광주광역시 북구 우치로 110, 1,2,3층 (용봉동)",광주광역시
광주용봉,35.178664,126.895196,general,광주광역시 북구 저불로 45 (용봉동),광주광역시
광주각화DT,35.18864434,126.9335991,generalDT,광주광역시 북구 동문대로 303 (문흥동),광주광역시
동광주DT,35.175874,126.927584,generalDT,광주광역시 북구 동문대로 148 (두암동),광주광역시
광주양산DT,35.208888,126.87419,generalDT,광주광역시 북구 하서로 380 (양산동),광주광역시
광주신세계DT,35.15625122,126.8827517,generalDT,광주광역시 서구 죽봉대로 33 (화정동),광주광역시
광주상무DT,35.14993173,126.8548228,generalDT,광주광역시 서구 상무대로 847 (쌍촌동),광주광역시
광주화정DT,35.152205,126.879997,generalDT,광주광역시 서구 상무대로 1080,광주광역시
광주상무중앙로,35.151021,126.848815,general,광주광역시 서구 상무중앙로 46 (치평동) 1층,광주광역시
광주상무시민로,35.154963,126.854437,general,광주광역시 서구 운천로 253 (치평동) 103호,광주광역시
광주풍암,35.1268447,126.8796486,general,광주광역시 서구 풍암2로 8 (풍암동) 한아름빌딩,광주광역시
광주금호DT,35.1421126,126.8576646,generalDT,광주광역시 서구 운천로109번길 1 (쌍촌동),광주광역시
광주상무대교,35.1551,126.848788,general,"광주광역시 서구 상무중앙로 90, 눈높이상무센터 1층 (치평동)",광주광역시
광주동림,35.171734,126.86618,general,"광주광역시 서구 하남대로 672-1, 1층 (동천동)",광주광역시
상무치평,35.151968,126.853423,general,"광주광역시 서구 상무자유로 173, 1층 (치평동)",광주광역시
상무역,35.147468,126.847989,general,"광주광역시 서구 상무중앙로 7, 1층 (치평동)",광주광역시
신세계광주신관B1,35.158806,126.882069,general,"광주광역시 서구 죽봉대로 61, 패션스트리트 B01호 (화정동)",광주광역시
광주풍암호수공원,35.12527521,126.8691982,general,광주광역시 서구 회재로 970 (풍암동),광주광역시
서광주DT,35.129468,126.847401,generalDT,광주광역시 서구 서광주로 23 (매월동),광주광역시
광주염주,35.1420714,126.875287,general,광주광역시 서구 월드컵4강로 56 (화정동),광주광역시
광주광천,35.15903711,126.8834638,general,광주광역시 서구 죽봉대로 66 (농성동),광주광역시
광주상무,35.1536205,126.8479543,general,광주광역시 서구 상무중앙로 75 (치평동),광주광역시
대구앞산DT,35.835516,128.579871,generalDT,대구광역시 남구 현충로 32 (대명동),대구광역시
영남대학교의료원영의관,35.84594789,128.5852168,general,대구광역시 남구 현충로 170 (대명동),대구광역시
대구가톨릭대학교병원,35.84339007,128.5674215,general,대구광역시 남구 두류공원로17길 33 (대명동),대구광역시
영남대학교의료원,35.84736274,128.5851109,general,대구광역시 남구 현충로 170 (대명동),대구광역시
대구앞산스카이타운,35.83236098,128.5668886,general,대구광역시 남구 앞산순환로 375 (대명동),대구광역시
계명대동산병원,35.853811,128.480276,general,대구광역시 달서구 달구벌대로 1035 (신당동),대구광역시
대구죽전역,35.84874484,128.5365793,general,대구광역시 달서구 와룡로 169 ,대구광역시
대구월곡DT,35.814866,128.541057,generalDT,대구광역시 달서구 월곡로 225 (상인동),대구광역시
대구광장,35.85577,128.552811,general,대구광역시 달서구 달구벌대로 1710 (두류동),대구광역시
대구월촌역,35.824025,128.545226,general,대구광역시 달서구 월배로 315 (송현동),대구광역시
대구진천역,35.814395,128.524377,general,대구광역시 달서구 월배로 91 (진천동),대구광역시
대구도원DT,35.80781242,128.5481165,generalDT,대구광역시 달서구 상화로 314 (도원동),대구광역시
대구월성,35.82432,128.525727,general,대구광역시 달서구 조암로 41 (월성동),대구광역시
대구수목원,35.80725208,128.5202645,general,대구광역시 달서구 화암로 379,대구광역시
대구성서IC DT,35.8507998,128.5202604,generalDT,대구광역시 달서구 달구벌대로 1393,대구광역시
대구감삼DT,35.8443842,128.5366553,generalDT,대구광역시 달서구 와룡로 131 ,대구광역시
대구상인역,35.8182768,128.5365692,general,대구광역시 달서구 월배로 210 (상인동),대구광역시
대구두류DT,35.858804,128.561685,generalDT,대구광역시 달서구 달구벌대로 1798 (두류동),대구광역시
대구상인DT,35.8227354,128.5337303,generalDT,대구광역시 달서구 월곡로 334 (상인동),대구광역시
대구계명대,35.85567272,128.4937254,general,대구광역시 달서구 계대동문로 13 (신당동),대구광역시
대구성서,35.855292,128.510127,general,"대구광역시 달서구 이곡공원로 26, 이곡메디컬빌딩 (이곡동)",대구광역시
대구서부정류장역,35.837881,128.556926,general,대구광역시 달서구 구마로 265 (성당동),대구광역시
대구이월드,35.8540248,128.5634167,general,대구광역시 달서구 두류공원로 200 (두류동),대구광역시
대구대천,35.81724183,128.5178394,general,대구광역시 달서구 조암남로32길 2 (대천동),대구광역시
대구월성네거리,35.825419,128.529254,general,대구광역시 달서구 조암로 5 (월성동),대구광역시
신세계대구3F(티바나),35.877767,128.628498,general,대구광역시 동구 동부로 149 신세계백화점 대구점 3층,대구광역시
신세계대구8FR,35.877812,128.628453,reserve,대구광역시 동구 동부로 149 신세계백화점 대구점 8층,대구광역시
동대구로DT,35.8680868,128.6271589,generalDT,대구광역시 동구 동대구로 422 (신천동),대구광역시
대구팔공산,35.9878685,128.636347,general,대구광역시 동구 파계로 650,대구광역시
대구봉무,35.921942,128.639708,general,대구광역시 동구 팔공로51길 15-11 (봉무동),대구광역시
동대구터미널,35.87627939,128.6287345,general,대구광역시 동구 동부로30길 12 (신천동),대구광역시
대구동촌유원지,35.88011,128.653159,general,대구광역시 동구 효동로2길 45 (효목동),대구광역시
반야월이마트,35.870899,128.727397,general,"대구광역시 동구 안심로 389-2, 이마트 1층 (신서동)",대구광역시
대구방촌DT,35.8773585,128.6664953,generalDT,대구광역시 동구 화랑로 389 (방촌동),대구광역시
대구신천DT,35.87488215,128.6211104,generalDT,대구광역시 동구 동부로 78 (신천동),대구광역시
대구팔공로DT,35.9284602,128.6418299,generalDT,대구광역시 동구 팔공로 332 (봉무동),대구광역시
대구율하,35.8635367,128.6939265,general,대구광역시 동구 안심로16길 47 (율하동),대구광역시
대구각산역DT,35.868908,128.7261214,generalDT,대구광역시 동구 안심로 383 ,대구광역시
대구연경DT,35.94290687,128.630979,generalDT,대구광역시 동구 동화천로 391 (지묘동),대구광역시
대구파티마병원,35.88426957,128.6243445,general,대구광역시 동구 아양로 99 (신암동),대구광역시
대구평리DT,35.86594499,128.5553199,generalDT,대구광역시 서구 서대구로 89 (평리1동),대구광역시
대구수성도서관DT,35.8727492,128.6390005,generalDT,대구광역시 수성구 화랑로 112 (만촌동),대구광역시
대구그랜드호텔R,35.85776211,128.6253252,reserve,대구광역시 수성구 동대구로 305 (범어동),대구광역시
국립대구박물관DT,35.845491,128.639059,generalDT,대구광역시 수성구 청호로 318 (황금동),대구광역시
대구수성네거리DT,35.86058,128.617977,generalDT,대구광역시 수성구 들안로 342 (수성동4가),대구광역시
대구중동DT,35.847384,128.612529,generalDT,대구광역시 수성구 수성로 243 (중동),대구광역시
대구중동네거리DT,35.840917,128.613963,generalDT,대구광역시 수성구 청수로 51 (중동),대구광역시
대구상동DT,35.8296424,128.6116932,generalDT,대구광역시 수성구 무학로 29(상동),대구광역시
대구황금DT,35.839069,128.625797,generalDT,대구광역시 수성구 청수로 164 (지산동),대구광역시
대구삼성화재,35.86609597,128.6262814,general,대구광역시 수성구 동대구로 401 (범어동) 삼성화재사옥,대구광역시
대구시지,35.8394934,128.7080427,general,대구광역시 수성구 달구벌대로 3216 (신매동),대구광역시
대구만촌DT,35.85633664,128.6502328,generalDT,"대구광역시 수성구 달구벌대로 2636, , 853-25번지 (만촌동)",대구광역시
대구수성하이츠,35.86042336,128.6135816,general,"대구광역시 수성구 수성로 393, 수성하이츠 1층 (수성동4가)",대구광역시
동아수성,35.82116609,128.6401272,general,"대구광역시 수성구 지범로 191, 동아백화점수성점 1층 (범물동)",대구광역시
수성레이크,35.825764,128.621814,general,대구광역시 수성구 수성못길 4 (두산동),대구광역시
대구범어제니스,35.8592502,128.6295594,general,"대구광역시 수성구 달구벌대로 2435, 두산위브더제니스아파트 상가 1층 110호 (범어동)",대구광역시
대구두산DT,35.82728289,128.6258486,generalDT,대구광역시 수성구 지범로 37 (두산동),대구광역시
대구들안길DT,35.837524,128.61636,generalDT,대구광역시 수성구 들안로 85 (상동),대구광역시
대구만촌이마트,35.87120642,128.6371529,general,대구광역시 수성구 동원로 136 (만촌동),대구광역시
대구신매역,35.83971524,128.7049019,general,대구광역시 수성구 고산로 102 (신매동),대구광역시
대구범어푸르지오,35.861236,128.622831,general,"대구광역시 수성구 상록로 15 (범어동, 범어센트럴푸르지오)",대구광역시
대구수성동,35.853776,128.620304,general,대구광역시 수성구 명덕로 460 (수성동3가),대구광역시
대구시티센터,35.870954,128.598092,general,대구광역시 중구 국채보상로 611 (문화동),대구광역시
대구계산,35.866429,128.589696,general,대구광역시 중구 달구벌대로415길 1 (계산동2가),대구광역시
대구중앙로역,35.870674,128.594374,general,대구광역시 중구 국채보상로 582 (남일동),대구광역시
대구공평DT,35.86955912,128.6006787,generalDT,대구광역시 중구 국채보상로 642 (동인동2가),대구광역시
반월당,35.86614724,128.5920181,general,대구광역시 중구 달구벌대로 2085 (덕산동) 동아쇼핑,대구광역시
동성로광장,35.867319,128.594217,general,대구광역시 중구 동성로 4 (동성로3가),대구광역시
동성로로데오,35.86723,128.597862,general,대구광역시 중구 동성로5길 62 (삼덕동1가),대구광역시
대구종로고택,35.8684287,128.5924722,general,대구광역시 중구 중앙대로77길 22 (종로2가),대구광역시
대구반월삼성,35.86614486,128.5930476,general,대구광역시 중구 달구벌대로 2095 (덕산동),대구광역시
대구228중앙공원,35.8701932,128.5969103,general,대구광역시 중구 동성로2길 95 (동성로2가),대구광역시
대구칠성DT,35.879674,128.596391,generalDT,대구광역시 북구 중앙대로 524 (칠성동2가),대구광역시
대구유통단지,35.905624,128.613347,general,대구광역시 북구 유통단지로8길 78 106호 (산격동),대구광역시
대구칠곡대로DT,35.92685125,128.5478845,generalDT,대구광역시 북구 칠곡중앙대로 348 (태전동),대구광역시
대구동천,35.9425387,128.5604376,general,대구광역시 북구 동천로 123,대구광역시
대구침산DT,35.8874784,128.5918376,generalDT,대구광역시 북구 침산로 126 (침산동),대구광역시
대구칠곡,35.9421792,128.5638788,general,대구광역시 북구 학정로 422 (구암동) 태을빌딩,대구광역시
경북대,35.89232,128.608586,general,대구광역시 북구 대학로 75 (산격동),대구광역시
대구도남,35.95291877,128.5833848,general,대구광역시 북구 도남중앙로9길 1 (국우동),대구광역시
대구복현DT,35.8967637,128.6146417,generalDT,대구광역시 북구 대학로 150 (복현동),대구광역시
대구칠곡읍내DT,35.9518399,128.5531285,generalDT,대구광역시 북구 칠곡중앙대로 631 칠곡중앙대로 631,대구광역시
대구칠성이마트,35.88507266,128.5897547,general,대구광역시 북구 침산로 93 (칠성동2가),대구광역시
칠곡경북대학교병원,35.95692179,128.5635245,general,대구광역시 북구 호국로 807 (학정동),대구광역시
대구금호,35.89603955,128.5145651,general,대구광역시 북구 한강로4길 9 (사수동),대구광역시
대구태전DT,35.90990275,128.5487293,generalDT,대구광역시 북구 칠곡중앙대로 158 (태전동),대구광역시
대구테크노폴리스,35.693334,128.459251,general,"대구광역시 달성군 유가면 테크노상업로 84 대경타워 105호, 106호, 107호",대구광역시
대구죽곡,35.859055,128.464166,general,대구광역시 달성군 달구벌대로 861 (다사읍),대구광역시
대구현풍DT,35.69152394,128.4447612,generalDT,대구광역시 달성군 현풍읍 비슬로 588 ,대구광역시
대구국가산단DT,35.65263365,128.4180643,generalDT,대구광역시 달성군 구지면 국가산단대로 260 ,대구광역시
대전IC DT,36.35423933,127.4442591,generalDT,대전광역시 대덕구 동서대로 1776 (비래동),대전광역시
대전신탄진DT,36.4486603,127.4199831,generalDT,대전광역시 대덕구 대덕대로 1544 (석봉동),대전광역시
대전송촌,36.36623666,127.4380261,general,"대전광역시 대덕구 송촌북로36번길 36, 1층 (송촌동)",대전광역시
신탄진금강DT,36.454619,127.42882,generalDT,대전광역시 대덕구 신탄진로 866 (신탄진동),대전광역시
대전터미널DT,36.347995,127.434241,generalDT,대전광역시 동구 동서대로 1658 (성남동),대전광역시
대전판암DT,36.317013,127.453623,generalDT,대전광역시 동구 옥천로 118 (판암동),대전광역시
대전스타일마켓,36.35019619,127.437304,general,"대전광역시 동구 동서대로 1689, 2층 (용전동)",대전광역시
대전가오,36.3070199,127.4561304,general,대전광역시 동구 동구청로 101 (가오동),대전광역시
대전신흥역DT,36.3189576,127.4511473,generalDT,대전광역시 동구 옥천로 89 (판암동),대전광역시
대전용운,36.3289964,127.4671156,general,대전광역시 동구 동부로 178 (용운동),대전광역시
대전용전DT,36.357196,127.435505,generalDT,대전광역시 동구 한밭대로 1239 (용전동),대전광역시
대전정부청사역,36.358046,127.382279,general,대전광역시 서구 한밭대로 755 (둔산동),대전광역시
대전건양대병원,36.30746948,127.3410047,general,대전광역시 서구 관저동로 170 (관저동)1층,대전광역시
대전탄방역,36.343242,127.385313,general,대전광역시 서구 문정로2번길 95 (탄방동),대전광역시
대전복수,36.298345,127.37824,general,대전광역시 서구 복수남로 28 (복수동),대전광역시
대전둔산남로,36.348893,127.388665,general,대전광역시 서구 둔산남로 100 (탄방동),대전광역시
대전둔산로,36.354233,127.377273,general,대전광역시 서구 대덕대로241번길 35 (둔산동),대전광역시
대전법원,36.353315,127.387437,general,대전광역시 서구 둔산로123번길 43 (둔산동),대전광역시
대전가수원DT,36.3037589,127.3487988,generalDT,대전광역시 서구 계백로 1128 (가수원동),대전광역시
대전수침교DT,36.3349683,127.3967289,generalDT,대전광역시 서구 계룡로 692 (용문동),대전광역시
대전관저,36.29871831,127.3380692,general,대전광역시 서구 관저로 142 (관저동),대전광역시
대전대덕로,36.353466,127.380591,general,대전광역시 서구 대덕대로234번길 18 (둔산동),대전광역시
대전목원대,36.33180804,127.3386548,general,대전광역시 서구 동서대로 682 (도안동),대전광역시
대전둔산,36.3502188,127.3772612,general,대전광역시 서구 대덕대로 189 (둔산동),대전광역시
대전만년,36.367606,127.382002,general,대전광역시 서구 만년로 81 (만년동),대전광역시
대전시청사거리,36.348036,127.383509,general,대전광역시 서구 둔산남로 50 (탄방동),대전광역시
대전월평,36.361008,127.377288,general,대전광역시 서구 청사로123번길 25 (월평동),대전광역시
둔산은하수,36.3529477,127.3777879,general,"대전광역시 서구 둔산로31번길 28, 금정빌딩 1층 (둔산동)",대전광역시
대전탄방,36.3463971,127.3878875,general,"대전광역시 서구 문정로 78, 정우빌딩 1층 (탄방동)",대전광역시
대전시청역,36.35097437,127.3894993,general,대전광역시 서구 둔산로 142 (둔산동),대전광역시
대전호텔,36.35905917,127.3877262,general,"대전광역시 서구 둔산중로134번길 13, 토요코인호텔 1층  (둔산동)",대전광역시
월평트레이더스,36.358025,127.363093,general,대전광역시 서구 한밭대로 580 (월평동),대전광역시
대전시청역8번출구,36.35057141,127.3874074,general,대전광역시 서구 둔산중로46번길 10 (둔산동),대전광역시
둔산대덕대로,36.35073271,127.3784691,general,"대전광역시 서구 대덕대로 200 (둔산동), 1층",대전광역시
둔산삼성스토어,36.35543368,127.3799754,general,대전광역시 서구 대덕대로 254 삼성전자 메가스토어 대전본점 1층  (둔산동),대전광역시
대전갈마DT,36.35148134,127.3704905,generalDT,대전광역시 서구 계룡로 384 (갈마동),대전광역시
대전용문DT,36.3350093,127.3897099,generalDT,대전광역시 서구 도산로 336 (용문동),대전광역시
도안레이크타워,36.32583637,127.3485297,general,대전광역시 서구 도안동로 234-54 (도안동) 105~109호,대전광역시
대전관저네거리,36.30183063,127.3345171,general,대전광역시 서구 계백로 993 (관저동) 102-1호,대전광역시
대전반석역,36.391646,127.31422,general,대전광역시 유성구 북유성대로 303 (반석동),대전광역시
대전도안DT,36.3513576,127.3402518,generalDT,대전광역시 유성구 도안대로 573 (봉명동),대전광역시
대전유성구청,36.362206,127.357705,general,대전광역시 유성구 어은로 42 (어은동),대전광역시
대전지족,36.3872054,127.3175549,general,대전광역시 유성구 지족로 373 (지족동),대전광역시
대전유성,36.3545222,127.3395544,general,대전광역시 유성구 온천서로 2 (봉명동),대전광역시
대전전민,36.3994397,127.4005253,general,대전광역시 유성구 유성대로 1722 (전민동),대전광역시
대전관평동,36.4255141,127.39263,general,대전광역시 유성구 테크노중앙로 68,대전광역시
대전조이마루,36.37645528,127.390802,general,대전광역시 유성구 엑스포로 97번길 40,대전광역시
대전노은,36.373444,127.319446,general,"대전광역시 유성구 은구비남로33번길 26, 1~2층 (지족동)",대전광역시
충남대정문,36.36066,127.34464,general,대전광역시 유성구 대학로 82 (궁동),대전광역시
대전테크노밸리,36.42517628,127.3896075,general,대전광역시 유성구 테크노4로 105 (관평동),대전광역시
대전문지,36.39244946,127.4055234,general,대전광역시 유성구 문지로299번길 56 (문지동),대전광역시
신세계대전R,36.37526851,127.38158,reserve,"대전광역시 유성구 엑스포로 1 (도룡동), 대전신세계 백화점 5F",대전광역시
대전현대아울렛,36.424,127.398625,general,대전광역시 유성구 테크노중앙로 123 (용산동),대전광역시
대전유성NC,36.3535775,127.343794,general,대전광역시 유성구 계룡로 119 (봉명동),대전광역시
대전구암DT,36.3487072,127.3326118,generalDT,대전광역시 유성구 월드컵대로289번길 6 (구암동),대전광역시
신세계대전B1,36.37518805,127.381379,general,"대전광역시 유성구 엑스포로 1 (도룡동), 대전신세계 백화점 B1층",대전광역시
대전엑스포스카이,36.37489372,127.3832386,general,대전광역시 유성구 엑스포로 1 (도룡동) 신세계엑스포점 38층,대전광역시
대전송강,36.43419353,127.3881847,general,대전광역시 유성구 봉산로 1 (송강동),대전광역시
대전대사DT,36.318823,127.417463,generalDT,대전광역시 중구 계룡로 949 (대사동),대전광역시
대전태평,36.32307012,127.3934196,general,대전광역시 중구 태평로 71 (태평동),대전광역시
대전유천DT,36.31833644,127.3982538,generalDT,대전광역시 중구 계백로 1604 (유천동),대전광역시
대전중앙로R,36.327962,127.426603,reserve,대전광역시 중구 대종로 486 (은행동),대전광역시
은행동,36.32907873,127.4276569,general,대전광역시 중구 중앙로 164 (은행동),대전광역시
대전목동DT,36.33286682,127.4109608,generalDT,대전광역시 중구 동서대로 1387 (목동),대전광역시
서대전네거리,36.32306956,127.411203,general,"대전광역시 중구 계룡로 878 (오류동), 1층",대전광역시
금정구청DT,35.23880973,129.0930176,generalDT,부산광역시 금정구 중앙대로 1730 (부곡동),부산광역시
온천장역DT,35.224006,129.08656,generalDT,부산광역시 금정구 식물원로 13 (장전동),부산광역시
부산대정문,35.23212165,129.0844959,general,부산광역시 금정구 부산대학로64번길 12 (장전동),부산광역시
부산대역,35.2305218,129.0886943,general,"부산광역시 금정구 장전로12번길 64, 1~4층 (장전동)",부산광역시
금정이마트,35.24981982,129.0907823,general,부산광역시 금정구 중앙대로1841번길 24 (구서동),부산광역시
금정구서,35.24690838,129.0887384,general,부산광역시 금정구 금강로 441 (구서동),부산광역시
부산서동,35.21463925,129.1055844,general,부산광역시 금정구 서동로 173 (서동),부산광역시
용호동W스퀘어,35.1337011,129.113324,general,"부산광역시 남구 분포로 145 (용호동) 더블유스퀘어동 1019호,1020호,1021호,2011호 2012호",부산광역시
동명대DT,35.12311959,129.0990164,generalDT,부산광역시 남구 신선로 423 (용당동),부산광역시
BIFC Mall,35.14631047,129.0658885,general,부산광역시 남구 문현금융로 40 (문현동) 부산국제금융센터,부산광역시
부산대연역,35.13503615,129.0930997,general,"부산광역시 남구 수영로 240-1, 1층 (대연동)",부산광역시
경성대,35.13734555,129.1006378,general,부산광역시 남구 수영로 312 (대연동),부산광역시
문현이마트,35.14469512,129.0643035,general,부산광역시 남구 전포대로91번길 47 (문현동),부산광역시
부산유엔공원,35.1299808,129.0980971,general,부산광역시 남구 유엔로 200 (대연동),부산광역시
용호빌리브,35.13112889,129.1126101,general,부산광역시 남구 분포로 61 (용호동) 빌리브센트로 제B동 101호~106호,부산광역시
부산대연못골,35.13609516,129.0919174,general,부산광역시 남구 못골로 87 (대연동),부산광역시
부산역라마다,35.11434481,129.0403061,general,부산광역시 동구 중앙대로196번길 10 (초량동),부산광역시
부산역아스티,35.11612791,129.041716,general,부산광역시 동구 중앙대로214번길 7-8 (초량동),부산광역시
부산역,35.11634795,129.0406906,general,부산광역시 동구 중앙대로 216 (초량동),부산광역시
범일동일타워,35.13879395,129.0639543,general,부산광역시 동구 조방로 14 (범일동),부산광역시
서면중앙대로R,35.152868,129.0594463,reserve,부산광역시 부산진구 중앙대로 672 (부전동) 1층 2층,부산광역시
서면로R,35.15524852,129.0576382,reserve,부산광역시 부산진구 서면로 49-1 (부전동),부산광역시
양정역,35.17017172,129.0692742,general,부산광역시 부산진구 중앙대로 894 (양정동),부산광역시
동의대역,35.15495096,129.0361873,general,부산광역시 부산진구 가야대로 589 (가야제1동),부산광역시
부산개금역,35.15298206,129.0225983,general,부산광역시 부산진구 가야대로 462 (개금동),부산광역시
서면전포역,35.15436483,129.0636289,general,부산광역시 부산진구 전포대로199번길 27 (전포동),부산광역시
부산서면중앙로,35.15548976,129.0589527,general,부산광역시 부산진구 중앙대로 701 (부전동),부산광역시
서면서전로,35.15791919,129.061952,general,부산광역시 부산진구 서전로 19 (부전동),부산광역시
부산서면,35.154098,129.061562,general,부산광역시 부산진구 중앙대로692번길 46-10 (부전동),부산광역시
서면역,35.15789381,129.0600009,general,부산광역시 부산진구 서전로 1 (부전동),부산광역시
부전역,35.16181114,129.0620146,general,"부산광역시 부산진구 중앙대로 777, 서면호텔 복합시설1,2층 (부전동)",부산광역시
서면센트럴스퀘어,35.15161771,129.0608987,general,부산광역시 부산진구 중앙대로666번길 50 (부전동),부산광역시
서면메디컬거리,35.157961,129.0574095,general,"부산광역시 부산진구 가야대로 783-1, 1층 (부전동)",부산광역시
서면중앙,35.15685353,129.0579804,general,부산광역시 부산진구 서면로68번길 1 (부전동),부산광역시
서면트레이더스,35.16383129,129.0530396,general,부산광역시 부산진구 시민공원로 31 (부암동),부산광역시
초읍대공원,35.18281931,129.0474836,general,부산광역시 부산진구 성지곡로 6 (초읍동),부산광역시
서면엠디엠타워,35.14953869,129.0588878,general,부산광역시 부산진구 중앙대로 639 (범천동),부산광역시
서면문화로,35.15885784,129.0574959,general,부산광역시 부산진구 서면문화로 10 (부전동),부산광역시
부산덕천역,35.210787,129.008358,general,부산광역시 북구 만덕대로 30 (덕천동),부산광역시
부산화명역,35.23367528,129.0131877,general,부산광역시 북구 금곡대로285번길 5 (화명동),부산광역시
화명강변DT,35.216972,129.004611,generalDT,부산광역시 북구 금곡대로77 (덕천동),부산광역시
부산구남역DT,35.19824129,128.9962801,generalDT,부산광역시 북구 백양대로 1040 (구포동),부산광역시
부산만덕DT,35.213166,129.039764,generalDT,부산광역시 북구 만덕대로 323 (만덕동),부산광역시
사상주례DT,35.154847,128.996302,generalDT,부산광역시 사상구 백양대로 520 (주례동),부산광역시
동서대DT,35.150863,129.010026,generalDT,부산광역시 사상구 가야대로 338 (주례동),부산광역시
사상역,35.164003,128.983473,general,부산광역시 사상구 사상로 211 (괘법동),부산광역시
부산사상로,35.16297096,128.9845865,general,부산광역시 사상구 사상로 200 (괘법동) 105호,부산광역시
삼락강변DT,35.17668455,128.9767104,generalDT,부산광역시 사상구 낙동대로 1306 (삼락동),부산광역시
사상엄궁DT,35.127533,128.969588,generalDT,부산광역시 사상구 낙동대로 744 (엄궁동),부산광역시
사상이마트,35.1642292,128.9789053,general,부산광역시 사상구 광장로 17 (괘법동),부산광역시
다대포비치,35.04912735,128.9635667,general,부산광역시 사하구 다대로 714 (다대동),부산광역시
다대포DT,35.060973,128.975257,generalDT,부산광역시 사하구 다대로 493 (다대동),부산광역시
을숙도강변DT,35.11526,128.959578,generalDT,부산광역시 사하구 하신번영로 381-6 (하단동),부산광역시
부산괴정역,35.09838204,128.9941945,general,부산광역시 사하구 사하로186번길 6 (괴정동),부산광역시
하단중앙,35.106522,128.966103,general,부산광역시 사하구 낙동남로 1411 (하단동),부산광역시
사하장림DT,35.0849337,128.9802207,generalDT,부산광역시 사하구 을숙도대로 682 (장림동),부산광역시
부산교대역DT,35.19890409,129.0789313,generalDT,부산광역시 연제구 중앙대로 1250 (거제동),부산광역시
연산시티타워,35.1880509,129.0808282,general,부산광역시 연제구 중앙대로 1125 (연산동),부산광역시
부산연산역,35.18708217,129.0831854,general,부산광역시 연제구 반송로 20 (연산동),부산광역시
부산교대,35.19568538,129.0774495,general,부산광역시 연제구 교대로 20-2 (거제동),부산광역시
연산트레이더스,35.1849114,129.1125088,general,부산광역시 연제구 좌수영로 241 연산동,부산광역시
연산교차로,35.1853948,129.0816111,general,부산광역시 연제구 중앙대로 1098 (연산동),부산광역시
부산시청,35.18159,129.07841,general,부산광역시 연제구 중앙천로 93 (연산동),부산광역시
연제이마트,35.17574571,129.0817409,general,부산광역시 연제구 연수로 89 (연산동),부산광역시
영도청학DT,35.093885,129.065171,generalDT,부산광역시 영도구 태종로 373 (청학동),부산광역시
영도대교,35.094678,129.037184,general,부산광역시 영도구 태종로 39 (대교동1가),부산광역시
부산광복로,35.100123,129.031422,general,부산광역시 중구 광복중앙로 8-2 (광복동3가),부산광역시
자갈치역,35.098378,129.029716,general,부산광역시 중구 구덕로 54-1 (남포동5가),부산광역시
국제시장,35.102783,129.028601,general,부산광역시 중구 대청로 80 (대청동3가),부산광역시
부산중앙역,35.1050552,129.0359604,general,부산광역시 중구 중앙대로81번길 2 (중앙동4가),부산광역시
남포동역,35.098311,129.035151,general,"부산광역시 중구 구덕로 4, 1~2층 (광복동1가)",부산광역시
부산비프광장,35.09893737,129.028743,general,부산광역시 중구 비프광장로 33 (남포동3가),부산광역시
기장역DT,35.2421513,129.220117,generalDT,부산광역시 기장군 기장읍 기장대로 527 ,부산광역시
동부산DT,35.184073,129.210875,generalDT,부산광역시 기장군 기장읍 기장해안로 56 ,부산광역시
부산정관,35.321336,129.176983,general,부산광역시 기장군 정관읍 정관로 579 ,부산광역시
기장일광DT,35.25724297,129.2251337,generalDT,부산광역시 기장군 일광읍 기장대로 706 ,부산광역시
부산P.아울렛,35.32270153,129.2354146,general,부산광역시 기장군 장안읍 정관로 1133 ,부산광역시
동부산테마파크,35.19358297,129.2142185,general,부산광역시 기장군 기장읍 동부산관광로 34 ,부산광역시
정관신도시DT,35.33444637,129.1707266,generalDT,부산광역시 기장군 정관읍 모전로 101 ,부산광역시
기장임랑원,35.31645328,129.2609281,general,부산광역시 기장군 장안읍 임랑해안길 10 ,부산광역시
광안수변공원,35.1532166,129.1246161,general,부산광역시 수영구 민락수변로 29 (민락동),부산광역시
수영역,35.16573717,129.1145751,general,부산광역시 수영구 수영로 671 (광안동),부산광역시
금련산역,35.14717,129.1105,general,부산광역시 수영구 수영로464번길 6 (남천동),부산광역시
광안비치,35.15317424,129.1178487,general,부산광역시 수영구 광안로62번길 39 (광안동),부산광역시
수영망미DT,35.177411,129.107428,generalDT,부산광역시 수영구 과정로 68 (망미동),부산광역시
광안리,35.15502782,129.1208407,general,부산광역시 수영구 광안해변로 247 (민락동),부산광역시
남천,35.14830649,129.1141711,general,부산광역시 수영구 남천바다로 38 (남천동),부산광역시
남천더샵,35.14125706,129.1067063,general,"부산광역시 수영구 수영로 389 (남천동, 더샵 남천프레스티지)",부산광역시
밀락더마켓,35.15400258,129.1272735,general,부산광역시 수영구 민락수변로17번길 56 (민락동),부산광역시
스타필드명지,35.0934683,128.9174322,general,부산광역시 강서구 명지국제6로 168 스타필드 명지 1층,부산광역시
명지강변DT,35.1026237,128.9294804,generalDT,부산광역시 강서구 르노삼성대로 620 (명지동),부산광역시
명지국제신도시,35.0978,128.9203,general,부산광역시 강서구 명지국제5로 42 (명지동),부산광역시
명지오션시티,35.084043,128.903135,general,부산광역시 강서구 명지오션시티11로 66 (명지동),부산광역시
강서녹산DT,35.11286233,128.8796442,generalDT,부산광역시 강서구 낙동남로511번길 42 (녹산동),부산광역시
명지퍼스트월드,35.09724029,128.9066621,general,"부산광역시 강서구 명지국제7로 37 (명지동, 더샵 명지퍼스트월드 2단지)",부산광역시
동래역,35.20557928,129.0801171,general,부산광역시 동래구 충렬대로181번길 42 (명륜동),부산광역시
명륜역,35.212443,129.078378,general,부산광역시 동래구 동래로 25 ,부산광역시
사직구장,35.19619283,129.0616045,generalWT,부산광역시 동래구 사직북로 4 (사직동),부산광역시
부산안락DT,35.1958595,129.1069541,generalDT,부산광역시 동래구 충렬대로 446 (안락동),부산광역시
동래미남DT,35.20719598,129.0720251,generalDT,부산광역시 동래구 충렬대로 101 (온천동),부산광역시
부산사직,35.19791172,129.0605501,general,부산광역시 동래구 사직북로 24 (사직동),부산광역시
부산온천장역,35.22137512,129.0859533,general,"부산광역시 동래구 중앙대로 1523, SK허브스카이위아아파트 1층 (온천동)",부산광역시
부산동래,35.20292773,129.0810293,general,부산광역시 동래구 충렬대로 194 (명륜동),부산광역시
동래허심청,35.22076166,129.0827228,general,부산광역시 동래구 온천장로107번길 32 (온천동) 1층,부산광역시
부산미남역,35.20560853,129.0677605,general,부산광역시 동래구 석사북로 108 (온천동),부산광역시
부산송도해수욕장,35.077315,129.017874,general,"부산광역시 서구 송도해변로 97(101,102,201) (암남동)",부산광역시
부민사거리,35.103629,129.02022,general,부산광역시 서구 구덕로 212 (부민동1가),부산광역시
부산동대신역,35.112688,129.016686,general,부산광역시 서구 구덕로322번길 7 (동대신동3가),부산광역시
동아대병원,35.1195185,129.0172766,general,부산광역시 서구 동대로 8 (동대신동3가),부산광역시
해운대동백,35.158371,129.153065,general,"부산광역시 해운대구 해운대해변로 197 (우동, 해운대경동제이드아파트)",부산광역시
수영강변DT,35.203889,129.119336,generalDT,부산광역시 해운대구 수영강변대로 516 (반여동),부산광역시
센텀파크,35.178759,129.122541,general,"부산광역시 해운대구 센텀중앙로 145 (재송동, 더샵센텀파크1차아파트)",부산광역시
해운대역,35.16314489,129.1595928,general,부산광역시 해운대구 구남로 9 (우동),부산광역시
부산재송DT,35.181271,129.12405,generalDT,부산광역시 해운대구 해운대로 189 (재송동),부산광역시
해운대,35.16010998,129.1621351,generalWT,부산광역시 해운대구 구남로 49 (중동) 101호,부산광역시
센텀로,35.1678356,129.1315392,general,부산광역시 해운대구 센텀2로 10 (우동) 센텀메디컬센타 1층 스타벅스 센텀로점,부산광역시
센텀신세계B1,35.1687027,129.1297466,general,부산광역시 해운대구 센텀남대로 35 (우동) 센텀시티 신세계UEC,부산광역시
해운대달맞이DT,35.16156115,129.1711826,generalDT,부산광역시 해운대구 달맞이길 57 (중동) 1~3층,부산광역시
센텀그린타워,35.174668,129.126697,general,부산광역시 해운대구 센텀중앙로 78 (우동),부산광역시
부산송정비치,35.1807279,129.2022769,general,부산광역시 해운대구 송정해변로 36 (송정동),부산광역시
장산역,35.16938036,129.1763509,general,부산광역시 해운대구 해운대로 802 (좌동),부산광역시
하버타운,35.15962162,129.1597081,general,부산광역시 해운대구 해운대해변로 257 (우동),부산광역시
벡스코,35.16884711,129.1354444,general,"부산광역시 해운대구 APEC로 55, 벡스코내 (우동)",부산광역시
팔레드시즈,35.16002278,129.1660063,general,"부산광역시 해운대구 해운대해변로298번길 24, 팔래드시즈 1-3호 (중동)",부산광역시
제니스스퀘어,35.156657,129.144091,general,"부산광역시 해운대구 마린시티2로 33, 제니스스퀘어 (우동)",부산광역시
마린시티아이파크,35.1569194,129.1434995,general,부산광역시 해운대구 마린시티2로 38 (우동),부산광역시
해운대달맞이,35.157925,129.182307,general,부산광역시 해운대구 달맞이길 189 (중동),부산광역시
해운대이마트,35.166029,129.167397,general,부산광역시 해운대구 좌동순환로 511 (중동) 1층,부산광역시
센텀드림월드,35.167027,129.132829,general,"부산광역시 해운대구 센텀2로 25, 센텀드림월드 1층 (우동)",부산광역시
센텀KNN,35.17191589,129.1285139,general,부산광역시 해운대구 센텀서로 30 (우동),부산광역시
월드마크센텀,35.17137,129.131112,general,"부산광역시 해운대구 센텀동로 25, 1층 (우동)",부산광역시
엘시티,35.15999408,129.1686172,general,"부산광역시 해운대구 달맞이길 30 (중동, 엘시티) 1021호, 1022호, 1023호",부산광역시
해운대NC,35.17030698,129.1770643,general,부산광역시 해운대구 해운대로 813 (좌동),부산광역시
해운대좌동,35.1775937,129.1755895,general,부산광역시 해운대구 좌동순환로 178 (좌동),부산광역시
해운대 엑스더스카이,35.15977197,129.1696976,general,부산광역시 해운대구 달맞이길30 ,부산광역시
부산성모안과병원,35.167491,129.1407913,general,부산광역시 해운대구 해운대로 409 (우동),부산광역시
센텀신세계3F,35.16906348,129.1290657,general,부산광역시 해운대구 센텀남대로 35 (우동),부산광역시
해운대중동역,35.1671846,129.1678855,general,부산광역시 해운대구 좌동순환로 6 (중동),부산광역시
센텀몰1F,35.16993639,129.1283416,general,부산광역시 해운대구 센텀4로 15 (우동),부산광역시
그랜드조선 부산,35.16006435,129.1631764,general,부산광역시 해운대구 해운대해변로 292 (중동),부산광역시
울산대공원,35.53233,129.293827,general,울산광역시 남구 대공원입구로 4 (옥동),울산광역시
울산도산사거리DT,35.53094166,129.3302321,generalDT,울산광역시 남구 대암로129번길 9-6 (야음동),울산광역시
울산시청사거리DT,35.537195,129.313617,generalDT,울산광역시 남구 중앙로 180 (달동),울산광역시
울산남구청DT,35.5441545,129.3245996,generalDT,울산광역시 남구 번영로 215 (신정동),울산광역시
울산중리사거리DT,35.543928,129.338651,generalDT,울산광역시 남구 돋질로 310 (삼산동),울산광역시
울산센트럴,35.53879377,129.3323609,general,울산광역시 남구 삼산로 231 (달동),울산광역시
울산삼산로,35.5384838,129.3373025,general,울산광역시 남구 삼산로 278 번길 8 (삼산동),울산광역시
울산대,35.542467,129.260197,general,울산광역시 남구 대학로84번길 5-3 (무거동),울산광역시
울산디자인거리,35.540501,129.33876,general,"울산광역시 남구 삼산중로74번길 30-1, 1~2층 (삼산동)",울산광역시
울산신복,35.54809472,129.262773,general,울산광역시 남구 대학로 152 (무거동),울산광역시
울산태화강역DT,35.5401976,129.3486955,generalDT,울산광역시 남구 삼산로 379 (삼산동),울산광역시
울산번영로DT,35.53541316,129.3293004,generalDT,울산광역시 남구 달삼로 3 (달동),울산광역시
울산삼성,35.5343805,129.3170556,general,울산광역시 남구 삼산로 86 (달동),울산광역시
울산신정DT,35.5336116,129.3011209,generalDT,울산광역시 남구 문수로 435 (신정동),울산광역시
울산호계DT,35.63791557,129.3450397,generalDT,울산광역시 북구 산업로 1464 (신천동),울산광역시
울산북구청DT,35.58348599,129.3589047,generalDT,울산광역시 북구 산업로 1011 (연암동),울산광역시
울산진장,35.56262984,129.356469,general,울산광역시 북구 진장17길 10 (진장동),울산광역시
울산정자비치DT,35.62741168,129.4411137,generalDT,울산광역시 북구 동해안로 1601 (산하동),울산광역시
울산화봉,35.588615,129.367334,general,울산광역시 북구 화봉로 75 (화봉동),울산광역시
북울산삼성,35.57650058,129.3558901,general,울산광역시 북구 진장유통로 65 (진장동),울산광역시
울산송정,35.6026125,129.3652347,general,울산광역시 북구 화산로 119 (송정동),울산광역시
울산 KTX,35.547868,129.141895,general,울산광역시 울주군 삼남읍 도호1길 16 ,울산광역시
울산간절곶DT,35.35821208,129.3556212,generalDT,울산광역시 울주군 서생면 해맞이로 1216 ,울산광역시
울산MBC DT,35.561657,129.332358,generalDT,울산광역시 중구 번영로 434 (복산동),울산광역시
울산성안,35.577829,129.324413,general,울산광역시 중구 성안12길 45 (성안동),울산광역시
울산성남삼거리,35.553215,129.320479,general,울산광역시 중구 젊음의2거리 33 (성남동),울산광역시
울산병영,35.568536,129.345381,general,울산광역시 중구 번영로 580 (남외동),울산광역시
울산약사DT,35.573151,129.337371,generalDT,울산광역시 중구 북부순환도로 754 (약사동),울산광역시
울산국가정원,35.5501032,129.2973993,general,울산광역시 중구 태화강국가정원길 205 (태화동),울산광역시
현대동구,35.52114999,129.4317341,general,울산광역시 동구 방어진순환도로 899 (서부동) 현대백화점주차장,울산광역시
울산일산비치DT,35.49886432,129.4309942,generalDT,울산광역시 동구 일산진11길 95 (일산동),울산광역시
울산대학교병원,35.52064057,129.4289347,general,울산광역시 동구 대학병원로 30 (서부동),울산광역시
울산남목DT,35.5397841,129.4234235,generalDT,울산광역시 동구 방어진순환도로 1146 (서부동),울산광역시
울산주전비치,35.5654435,129.4548214,general,울산광역시 동구 동해안로 667 (주전동),울산광역시
경인교대입구역DT,37.53554797,126.7222533,generalDT,인천광역시 계양구 계양대로 131 (작전동),인천광역시
인천계양,37.5399291,126.7350088,general,인천광역시 계양구 장제로 808 (계산동),인천광역시
인천작전,37.52703531,126.7220502,general,"인천광역시 계양구 계양대로 37, 1층 (작전동)",인천광역시
인천계산역DT,37.54361826,126.7298501,generalDT,인천광역시 계양구 경명대로 1105 (계산동),인천광역시
계양BMW,37.5322648,126.7564676,general,인천광역시 계양구 서운산단로2길 6 (서운동) BMW 바바리안모터스,인천광역시
계양구청,37.5387862,126.7386562,general,인천광역시 계양구 오조산로 85 (용종동),인천광역시
인천학익DT,37.44046613,126.6629668,generalDT,인천광역시 미추홀구 매소홀로 368 (학익동),인천광역시
인천용현DT,37.4523373,126.6325809,generalDT,인천광역시 미추홀구 아암대로 107 (용현동),인천광역시
주안역,37.46386056,126.68071,general,"인천광역시 미추홀구 주안로 100 (주안동) 1층,2층",인천광역시
인하대,37.451827,126.654969,general,인천광역시 미추홀구 인하로 59 (용현동),인천광역시
시민공원역,37.458158,126.681014,general,"인천광역시 미추홀구 경인로 372 (주안동, 포레나 미추홀)",인천광역시
인천관교DT,37.44187272,126.6931065,generalDT,인천광역시 미추홀구 경원대로 656 (관교동),인천광역시
제물포역DT,37.466522,126.654075,generalDT,인천광역시 미추홀구 경인로 103 (숭의동),인천광역시
인천주안DT,37.4513564,126.6858992,generalDT,인천광역시 미추홀구 인주대로 443 (주안동),인천광역시
인천도화DT,37.47051785,126.6672294,generalDT,인천광역시 미추홀구 장고개로 28 (도화동),인천광역시
인하대역,37.44768877,126.6493845,general,인천광역시 미추홀구 독배로 309 (용현동),인천광역시
SSG랜더스필드2F,37.436624,126.692362,general,인천광역시 미추홀구 매소홀로 618 (문학동),인천광역시
SSG랜더스필드1F,37.43703514,126.6925698,general,인천광역시 미추홀구 매소홀로 618 (문학동),인천광역시
인천용일사거리DT,37.453685,126.6682729,generalDT,인천광역시 미추홀구 한나루로 525 (주안동),인천광역시
송림트레이더스,37.48251742,126.6602567,general,"인천광역시 동구 봉수대로 82, 이마트 트레이더스송림점1층 (송림동)",인천광역시
인천갈산DT,37.5189106,126.7321159,generalDT,인천광역시 부평구 장제로 371 (갈산동),인천광역시
인천삼산,37.50721456,126.7343498,general,인천광역시 부평구 길주로 643 (삼산동),인천광역시
부평사거리,37.49381756,126.7220235,general,"인천광역시 부평구 부평문화로 52, 1~2층 (부평동)",인천광역시
부평시장역,37.49702472,126.722806,general,"인천광역시 부평구 부평대로 60, 현대해상화재보험 1층 (부평동)",인천광역시
부평,37.49161819,126.7245137,general,인천광역시 부평구 경원대로 1397 (부평동),인천광역시
부평역,37.49151122,126.7221225,general,"인천광역시 부평구 경원대로 1377, 1-4층 (부평동)",인천광역시
인천테크노밸리,37.51499031,126.7265005,general,인천광역시 부평구 주부토로 236 (갈산동),인천광역시
인천성모병원,37.48528945,126.7258372,general,인천광역시 부평구 동수로 56 (부평동),인천광역시
인천경원대로DT,37.48016803,126.6984277,generalDT,인천광역시 부평구 경원대로 1118 (십정동),인천광역시
인천스퀘어원,37.40590328,126.6825091,general,인천광역시 연수구 청능대로 210 (동춘동),인천광역시
인천동춘DT,37.41243,126.664447,generalDT,인천광역시 연수구 앵고개로 171 (동춘동),인천광역시
인천송도,37.39658518,126.6515538,general,"인천광역시 연수구 컨벤시아대로 55 (송도동, 송도이안)",인천광역시
송도트리플R,37.38058951,126.6591674,reserve,인천광역시 연수구 송도과학로16번길 33-1 (송도동),인천광역시
인천송도DT,37.384821,126.644284,generalDT,인천광역시 연수구 하모니로 136 (송도동),인천광역시
인천연수,37.415072,126.677781,general,"인천광역시 연수구 용담로 115 (연수동) 105,106,203호",인천광역시
송도캠퍼스타운역,37.38742756,126.6636476,general,인천광역시 연수구 송도과학로27번길 55 (송도동) 롯데캠퍼스타운,인천광역시
송도커넬워크,37.39890249,126.6364039,general,인천광역시 연수구 아트센터대로 131 (송도동),인천광역시
송도센트럴파크,37.39465628,126.6415148,general,인천광역시 연수구 센트럴로 194 (송도동),인천광역시
연수이마트,37.404386,126.681528,general,인천광역시 연수구 경원대로 184 (동춘동),인천광역시
삼성바이오로직스,37.36678853,126.6593117,general,인천광역시 연수구 송도바이오대로 300 (송도동),인천광역시
쉐라톤그랜드인천,37.39020502,126.6455013,general,인천광역시 연수구 컨벤시아대로 153 (송도동),인천광역시
송도호반써밋,37.41550811,126.6241294,general,인천광역시 연수구 랜드마크로 20 (송도동),인천광역시
인천옥련DT,37.42130538,126.6451687,generalDT,인천광역시 연수구 능허대로 137 (옥련동),인천광역시
송도캐슬파크,37.38454815,126.6411987,general,인천광역시 연수구 인천타워대로132번길 9 (송도동),인천광역시
송도첨단대로,37.37044771,126.6503991,general,인천광역시 연수구 첨단대로 40 (송도동),인천광역시
송도현대아울렛,37.381314,126.657929,generalWT,인천광역시 연수구 송도국제대로 123 (송도동),인천광역시
송도컨벤시아대로DT,37.38290441,126.6369723,generalDT,인천광역시 연수구 벤처로 10 (송도동),인천광역시
검단사거리역,37.6025256,126.6574188,general,인천광역시 서구 완정로 172 (마전동),인천광역시
인천청라센트럴,37.5343559,126.6492859,general,"인천광역시 서구 청라커낼로 300 (청라동, 청라센트럴에일린의뜰)",인천광역시
인천청라한신,37.53209464,126.6470777,general,인천광역시 서구 청라커낼로260번길 27 (청라동),인천광역시
인천당하DT,37.593418,126.675556,generalDT,인천광역시 서구 원당대로 668 (당하동),인천광역시
인천청라타워돔,37.53405866,126.6523436,general,인천광역시 서구 중봉대로 612번길 10-17,인천광역시
인천서구청DT,37.5424157,126.67636,generalDT,인천광역시 서구 서곶로 277 (심곡동),인천광역시
인천청라,37.53194335,126.6522686,general,인천광역시 서구 중봉대로586번길 19 (청라동),인천광역시
인천검단DT,37.61685,126.6887,generalDT,인천광역시 서구 검단로 812 (불로동),인천광역시
루원시티,37.52294816,126.6699831,general,"인천광역시 서구 가정로 437 (가정동, 루원시티 SK Leaders VIEW)",인천광역시
인천공촌DT,37.55169812,126.6853518,generalDT,인천광역시 서구 경명대로694번길 2 (공촌동),인천광역시
루원앨리스빌,37.52137201,126.6775381,general,"인천광역시 서구 서곶로 45 (가정동, 루원 린스트라우스 더 린시티)",인천광역시
에이펙스청라,37.532505,126.640113,general,인천광역시 서구 청라루비로 81 (청라동),인천광역시
인천청라DT,37.54141305,126.647031,generalDT,인천광역시 서구 국제대로 237 (청라동),인천광역시
검단신도시,37.59260999,126.7127764,general,"인천광역시 서구 이음대로 392 (원당동)115,116,117,118,119호",인천광역시
부평삼거리역DT,37.47662728,126.7102137,generalDT,인천광역시 남동구 경인로 750 (간석동),인천광역시
인천구월아시아드,37.442715,126.708511,general,인천광역시 남동구 인하로 556 (구월동),인천광역시
인천터미널사거리,37.44526,126.700865,general,인천광역시 남동구 예술로 126 (구월동),인천광역시
인천서창,37.424128,126.749997,general,"인천광역시 남동구 서창남로 51 (서창동) 101,102,103호",인천광역시
인천간석DT,37.469719,126.690745,generalDT,인천광역시 남동구 경원대로 974 (간석동),인천광역시
인천예술회관역,37.449472,126.701438,general,인천광역시 남동구 예술로 174 (구월동) 흥국생명,인천광역시
구월로데오,37.44420071,126.7021764,general,"인천광역시 남동구 인하로 497-22, 2층 (구월동)",인천광역시
구월길병원,37.45167435,126.7074902,general,인천광역시 남동구 남동대로 773 가천대길병원 인공지능병원(구월동),인천광역시
인천구월,37.4462001,126.7009972,general,"인천광역시 남동구 예술로 138 (구월동) 101,102,111,201,209호 일부,210호 일부",인천광역시
인천논현,37.39952,126.72492,general,"인천광역시 남동구 논고개로 93, 111,112, 206, 207호 (논현동)",인천광역시
인천구월중앙,37.45587,126.71496,general,인천광역시 남동구 용천로 70 (구월동),인천광역시
간석중앙공원DT,37.463301,126.700723,generalDT,인천광역시 남동구 경인로 563 (간석동),인천광역시
영종하늘도시,37.48964312,126.5614097,general,인천광역시 중구 하늘중앙로195번길 15 (중산동),인천광역시
영종도운서역,37.493991,126.492667,general,인천광역시 중구 신도시남로142번길 17 (운서동),인천광역시
인천공항중앙,37.449611,126.450031,general,인천광역시 중구 공항로 272 (운서동) 인천국제공항여객터미널 FB-P5-73,인천광역시
인스파이어리조트,37.46554467,126.389622,general,인천광역시 중구 공항문화로 127 (운서동),인천광역시
인천공항T2에어,37.46586128,126.4328221,general,인천광역시 중구 제2터미널대로 444 (운서동)인천공항2터미널 3층 Air side,인천광역시
인천공항T2랜드B1,37.46950024,126.4330659,general,인천광역시 중구 제2터미널대로 444 (운서동),인천광역시
인천공항T1에어4F,37.45019236,126.450836,general,인천광역시 중구 공항로 272 (운서동) 인천공항1터미널 에어4층,인천광역시
동해IC DT,37.52889584,129.1044123,generalDT,강원도 동해시 동해대로 5453 (평릉동),강원도
설악쏘라노,38.21052318,128.5290711,general,강원도 속초시 미시령로2983번길 111 (장사동),강원도
속초DT,38.1898709,128.5844124,generalDT,강원도 속초시 동해대로 4114 (조양동),강원도
속초중앙로,38.202593,128.589453,general,강원도 속초시 중앙로 123 (금호동),강원도
영랑호리조트,38.21334668,128.5774486,general,강원특별자치도 속초시 영랑호반길 170 (금호동),강원도
속초교동DT,38.1966412,128.5718716,generalDT,강원도 속초시 청대로 339 (교동),강원도
속초금호DT,38.2090544,128.5804873,generalDT,강원도 속초시 미시령로 3426 (금호동),강원도
춘천구봉산R,37.88844243,127.7759787,reserve,강원도 춘천시 동면 순환대로 1154-63 ,강원도
춘천후평DT,37.879435,127.750579,generalDT,강원도 춘천시 후석로 318 (후평동),강원도
춘천석사DT,37.856608,127.739326,generalDT,강원도 춘천시 후석로 13 (석사동),강원도
춘천명동,37.87999215,127.7275212,general,강원도 춘천시 중앙로 55 (중앙로2가),강원도
춘천이마트,37.8636946,127.7187453,general,강원도 춘천시 경춘로 2353 (온의동) E-마트 춘천점내 1층,강원도
강원대,37.872749,127.745062,general,강원도 춘천시 서부대성로 243-1 (효자동),강원도
춘천퇴계DT,37.855291,127.726209,generalDT,강원도 춘천시 안마산로 95 (퇴계동),강원도
춘천후석로DT,37.87326602,127.752245,generalDT,강원특별자치도 춘천시 후석로 245 (후평동),강원도
춘천온의,37.867636,127.720852,general,강원도 춘천시 방송길 104 (온의동),강원도
비발디파크,37.645094,127.682234,general,강원특별자치도 홍천군 서면 한치골길 262 ,강원도
홍천DT,37.68858745,127.8776952,generalDT,강원특별자치도 홍천군 홍천읍 홍천로 292 ,강원도
강릉송정DT,37.771851,128.922839,generalDT,강원도 강릉시 경강로 2400 (송정동),강원도
강릉강문해변,37.794712,128.918555,general,강원도 강릉시 창해로350번길 3 (강문동),강원도
강릉교동광장,37.764312,128.877061,general,강원도 강릉시 교동광장로 114 (교동),강원도
강릉안목항,37.771376,128.948725,general,강원도 강릉시 창해로14번길 40 (견소동),강원도
강릉IC DT,37.74674612,128.8723118,generalDT,강원도 강릉시 경강로 1853 (홍제동),강원도
강릉율곡DT,37.7698839,128.8922189,generalDT,강원도 강릉시 율곡로 2996 (교동),강원도
강릉주문진,37.88113003,128.8315792,general,강원특별자치도 강릉시 주문진읍 학교담길 32-8 ,강원도
강릉중앙로,37.7544531,128.8962224,general,강원도 강릉시 경강로 2096 (임당동),강원도
소노델피노,38.21196477,128.4944297,general,강원도 고성군 토성면 미시령옛길 1153,강원도
원주반곡DT,37.31976949,127.971709,generalDT,강원도 원주시 동부순환로 37 (반곡동),강원도
원주명륜DT,37.33600704,127.9498835,generalDT,강원도 원주시 남원로 588 (명륜동),강원도
원주무실,37.33301852,127.930255,general,강원도 원주시 능라동길 73 (무실동),강원도
원주혁신도시,37.32326585,127.9809319,general,강원도 원주시 혁신로 61 (반곡동),강원도
원주터미널,37.34385977,127.9311166,general,강원도 원주시 서원대로 178 (단계동),강원도
원주시청,37.34071815,127.9238556,general,강원특별자치도 원주시 시청로 27-1 (무실동),강원도
오크밸리,37.43417496,127.8185439,general,강원도 원주시 지정면 오크밸리1길 70 ,강원도
원주IC DT,37.37965358,127.9488836,generalDT,강원도 원주시 현충로 294 (태장동),강원도
원주단구DT,37.328515,127.953443,generalDT,강원도 원주시 서원대로 443 (단구동),강원도
원주기업도시DT,37.3714478,127.8715601,generalDT,강원특별자치도 원주시 지정면 기업도시로 224 ,강원도
원주봉화산DT,37.3530656,127.922218,generalDT,강원도 원주시 서원대로 48 (단계동),강원도
